id,first_name,last_name
1,A.,Aaheim
2,M.,Abbott
3,H.,Abdel Nour
4,Mohamed,Abdrabo
5,Amjad,Abdulla
6,Ayako,Abe-Ouchi
7,Tarekegn,Abeku
9,J.,Aber
10,Achala Chandani,Abeysekara
11,Babatunde,Abiodun
12,I.,Abrol
13,L.P.,Abrol
14,Pamela,Abuodha
15,A.N.,Achanta
16,Frédéric,Achard
17,Krishna Mirle,Achutarao
18,A.,Ackerman
19,F.,Ackerman
20,B.,Acock
21,Roberto,Acosta Moreno
22,P.,Adams
23,Akintayo John,Adedoyin
24,Anthony O.,Adegbulugbe
25,James O.,Adejuwon
26,Francis,Adesina
27,Neil,Adger
28,Sharad P.,Adhikary
29,Robert F.,Adler
30,Michael,Adler
31,John,Agard
32,Anil,Agarwal
33,Pramod,Aggarwal
34,Maureen,Agnew
35,Micheline,Agoli-Agbo
36,Arun,Agrawal
37,Shardul,Agrawala
38,Will,Agricole
39,Adrian Guillermo,Aguilar
41,Epiphane Dotou,Ahlonsou
42,Qazi Z.,Ahmad
43,Essam Hassan Mohamed,Ahmed
44,Mohammed Abdelrafie,Ahmed
45,Dilip,Ahuja
46,Ahmed,Aidoud
49,Rais,Akhtar
50,Grace,Akumu
52,Saiyed,Al-Khouli
53,Majid,Al-Moneef
54,Mozaharul,Alam
55,D.L.,Albritton
56,Joseph M.,Alcamo
57,Edvin,Aldrian
58,Paulina,Aldunce
59,Lisa,Alexander
60,V.,Alexander
61,Hans,Alexandersson
63,Knut H.,Alfsen
64,Awwad,Alharthi
65,Abdelkader,Allali
66,Richard,Allan
67,Myles R.,Allen
69,Barbara,Allen-Diaz
70,Richard B.,Alley
71,Ian,Allison
74,E.,Alsema
75,A.,Alvarez
76,D.,Alves
77,A.N.,Alwelaie
78,F.,Alyea
79,Habib,Amamou
80,Markus,Amann
81,A.,Amano
82,Peter,Ambenjie
83,Philippe,Ambrosi
84,Caspar,Ammann
86,Soon-Il,An
87,Maria,Ananicheva
88,Carlos A.,Anaya
89,T.,Anderson
90,J.,Anderson
92,R.,Anderson
93,Mitsuru,Ando
94,Kenneth,Andrasko
95,M.,Andreae
96,Rigoberto,Andressen
97,Jean,Andrey
98,Natalia,Andronova
99,B.W.,Ang
100,J.K.,Angell
101,J.,Angella
102,Oleg A.,Anisimov
103,S.,Anjian
104,James,Annan
105,H.,Annegarn
106,Yurij,Anokhin
107,John,Antle
108,John,Antonov
110,Assaf,Anyamba
111,Shigeru,Aoki
112,A.J.,Apling
113,C.,Appenzeller
114,Michael J.,Apps
115,E.,Aquize
116,Fernando,Aragon
117,Miguel,Araújo
118,Julie,Arblaster
119,David,Archer
120,Douglas,Arent
121,A.,Aristarain
122,Phillip A.,Arkin
123,A.,Arking
124,Nigel,Arnell
125,S.,Arnott
127,Vivek,Arora
128,Anne,Arquit-Niederberger
130,Raymond,Arritt
131,K.J.,Arrow
132,Vincenzo,Artale
133,Paulo,Artaxo
135,M.,Asaduzzaman
136,Jun,Asanuma
137,M.R.,Ashmore
138,W.B.,Ashton
139,A.J.,Askew
140,Arne,Asmussen
142,R.A.,Assel
143,Maria,Assuncao Silva Dias
144,Julius,Atlhopheng
145,Shiv D.,Atri
146,Samar,Attaher
147,D.,Attard
148,Marlene,Attzs
149,A.,Auclair
150,H.,Audus
151,Ingeborg,Auer
152,Maximilian,Auffhammer
153,O.,Aumont
154,John,Austin
155,P.,Austin
156,M.P.,Austin
157,Shimon,Awerbuch
159,P.,Ayondejo
160,Christian,Azar
161,Mustafa H.,Babiker
162,P.G.,Babu
163,D.,Bachelet
164,Alphonsus,Baede
166,Walter,Baethgen
168,A.,Baitos
169,L.,Bajuk
170,David,Baker
171,Govindasamy,Bala
172,John,Balbus
173,Mark P.,Baldwin
175,R.,Ball
177,R.,Balling
178,Jonathan,Bamber
179,D.,Banister
180,G.,Banjo
181,C.W.,Banning
182,T.,Banuri
183,Manzhu,Bao
186,M.,Bardecki
187,M.Y.,Bardin
188,Terry,Barker
189,Chris,Barlow
190,T.P.,Barnett
191,Jonathan,Barnett
194,Jean-Marc,Barnola
195,A.,Barnston
196,T.,Barnwell
198,Scott,Barrett
199,L.,Barrie
200,A.,Barros
201,Vicente Ricardo,Barros
202,Roger G.,Barry
203,Judit,Bartholy
204,P.,Bartiein
205,C.,Bartlett
206,Charles,Basalirwa
207,Reid,Basher
208,Igor Alexeyevich,Bashmakov
209,Eduardo,Basso
210,T.,Bates
211,Bryson C.,Bates
212,J.J.,Bates
213,Nicholas R.,Bates
215,M.,Battle
216,Eva,Bauer
217,F.,Bazzaz
218,Roger,Beale
219,Richard J.,Beamish
220,P.,Beaumont
221,Susanne,Becken
222,Alfred,Becker
223,Juerg,Beer
224,R.,Beetham
225,Paul,Beggs
226,TL,Bell
228,M.,Bender
229,Rasmus,Benestad
230,L.,Bengtsson
231,Martin,Beniston
232,Pablo,Benítez-Ponce
233,Gerardo,Benito
235,T.,Benning
236,Charlotte,Benson
237,C.,Bentley
238,M.,Beran
239,André,Berger
241,Frans,Berkhout
242,M.,Berliner
243,S.,Bernow
245,Lenny S.,Bernstein
247,Terje,Berntsen
248,Joseph A.,Berry
249,E.,Bertel
250,Paolo,Bertoldi
251,Gerhard,Berz
252,Richard A.,Betts
253,Michel,Beuthe
254,I.,Bey
255,Suruchi,Bhadwal
256,Bonizella,Biagini
257,Rosina,Bierbaum
258,Joachim,Biercamp
259,Luitzen,Bijlsma
260,Du,Bilan
261,Marco,Bindi
262,Nathaniel L.,Bindoff
264,R.,Bindschadler
265,D.,Binet
266,Joern,Birkmann
267,Fatih,Birol
268,D.K.,Biswas
269,Cecilia M.,Bitz
270,Richard,Black
271,D.,Blake
272,J.P.,Blanchet
274,Heinz,Blatter
275,D.,Bleviss
276,Kornelis,Blok
277,C.,Blondin
278,P.,Bloomfield
279,D.,Bnlhnger
280,Brenda,Boardman
282,Greg,Bodeker
283,George J.,Boer
284,Rizaldi,Boer
285,R.,Boers
286,Jean E.,Bogner
287,P.,Bohm
288,C.,Bohringer
289,Roxana,Bojariu
290,Michel,Boko
291,Bert,Bolin
292,Suzanne,Bolton
293,Simon,Bolwig
294,W.,Bomin
295,Gordon B.,Bonan
296,D.,Bond
297,William J.,Bond
298,Céline,Bonfils
299,C.,Bonnard
300,Sandrine,Bony
301,Aaron,Boone
302,Kansri,Boonpragob
303,T.H.,Booth
304,Laurent,Bopp
307,Irena,Borzenkova
308,Peter,Bosch
309,Ranjan K.,Bose
310,Olivier,Boucher
311,Daniel H.,Bouille
312,Jean-Philipe,Boulanger
313,Lahouari,Bounoua
314,Philippe,Bousquet
315,Laurens,Bouwer
318,Jason E.,Box
319,H.,Boyd
320,Phil,Boyd
321,Tim,Boyer
322,J.,Boyle
323,Pascale,Braconnot
324,Raymond S.,Bradley
325,Richard,Bradley
326,R.,Bradshaw
327,Esther,Brady
328,R.J.,Braithwaite
329,D.,Brakke
330,Keith,Brander
331,Guy,Brasseur
332,L.,Braun
333,Evelyne,Bravo
334,R.,Brazdil
335,W.S.,Breed
336,Antoinette,Brenkert
337,Francois-Marie,Breon
338,Christopher,Bretherton
339,F.P.,Bretherton
341,Peter G.,Brewer
342,A.,Breymcyer
343,Keith R.,Briffa
345,Lino,Briguglio
346,Sander,Brinkman
347,S.,Brinkop
348,Abigail,Bristow
349,Michael,Brklacich
350,Anthony J.,Broccoli
351,Patrick,Brockmann
353,David H.,Bromwich
354,Stefan,Broennimann
355,P.,Brookes
356,H.,Brooks
357,Nick,Brooks
358,John,Broome
359,J.,Brouwer
360,Victor,Brovkin
362,Marilyn A.,Brown
363,Ross D.,Brown
365,Sandra,Brown
366,Barbara,Brown
367,J.,Brown
370,K.,Browning
371,C.,Bruhl
372,James P.,Bruce
373,J.,Bruggink
375,M.,Brunet-India
377,Annegrete,Bruvoll
378,F.O.,Bryan
379,K.,Bryan
380,F.,Bryant
381,H.,Bryden
382,Marcos,Buckeridge
384,M.,Budyko
385,Harald,Bugmann
386,H.K.M.,Bugmann
387,T.A.,Buishand
389,Lawrence,Buja
390,Peter,Bullock
391,F.,Bultot
392,Stuart,Bunn
393,Sarah,Burch
394,Nicholas,Burger
395,Virginia,Burkett
396,P.,Burschel
397,Ian,Burton
399,J.,Busch
400,Aristita,Busuioc
401,J.,Butler
403,John,Byrne
404,E.,Byutner
405,D.L.,Cadet
406,Patricia,Cadule
407,Rongshuo,Cai
408,Wenju,Cai
409,Zucong,Cai
410,Sandy,Cairncross
411,K.,Caldeira
412,R.,Calienes
414,Terry V.,Callaghan
416,R.,Callendar
417,S.,Calvert
418,K.,Calvin
419,Eduardo,Calvo Buendia
420,Guilian,Cambers
421,Inés,Camilloni
424,John R.,Campbell
425,B.,Campbell
426,C.A.,Campbell
427,Diarmid,Campbell-Lendrum
428,Edmo,Campos
430,Maximiliano,Campos
431,Josep,Canadell
433,M.A.,Cane
434,Melvin G.R.,Cannell
435,V.,Canuto
436,Osvaldo F.,Canziani
437,H-X.,Cao
439,Rodolfo,Carcavallo
440,Omar-Dario,Cardona
441,Martha Micheline,Cariño Olvera
442,A.,Carleton
443,JoAnn,Carmin
444,Edward,Carr
445,Carlo,Carraro
446,Jorge,Carrasco
447,S.,Carrasco Barrera
449,Timothy,Carter
450,Gino,Casassa
451,Christophe,Cassou
452,Edwin,Castellanos
453,M.,Castro
454,H.,Cattle
455,Iracema,Cavalcanti
456,Daniel,Caya
457,Daniel R.,Cayan
458,Anny,Cazenave
460,Jean-Paul,Ceron
461,Carlos Clemente,Cerri
462,R.D.,Cess
463,Dave,Chadee
464,M.J.,Chadwick
465,S.,Chalise
466,Brian,Challenger
467,Andrew,Challinor
468,Don,Chambers
469,Lynda,Chambers
470,Muyeye,Chambwera
471,Mark,Chandler
472,William U.,Chandler
473,Edmund K.,Chang
474,D.,Changnon
475,S.,Changnon
476,Li,Changsheng
477,Ben,Chao
478,F.S.,Chapin
479,Terry,Chapin III
480,Yassine Abdul-Rahman,Charabi
481,R.,Charlson
482,Fred,Cheghe
483,M.,Chelliah
484,T.,Chen
485,A. Anthony,Chen
486,Deliang,Chen
488,Wenjun,Chen
489,Ying,Chen
491,Zhenlin,Chen
492,C.,Chen
493,William,Cheung
494,Abha,Chhabra
495,Netra,Chhetri
496,G.,Chichilnisky
497,Amnat,Chidthaisong
498,Francis,Chiew
499,M.,Chin
500,N.W.S.,Chipompha
501,Sin Chan,Chou
502,R.,Christ
503,Jens Hesselbjerg Krishna,Christensen
504,John M.,Christensen
505,Torben R.,Christensen
506,James,Christian
507,Oyvind,Christophersen
508,John R.,Christy
509,C.,Chuang
510,John A.,Church
511,J.,Churc
512,Philippe,Ciais
513,R.,Cicerone
514,W.M.,Ciesla
515,Luis A.,Cifuentes
517,Christa,Clapp
518,J.,Clark
519,Deborah A.,Clark
520,Peter,Clark
522,K.M.,Clark
523,S.,Clark
524,A.,Clarke
525,G.K.C.,Clarke
526,Leon,Clarke
527,R.A.,Clarke
528,Martin,Claussen
529,Amy,Clement
530,W.R.,Cline
531,Bernard,Clot
532,J.,Coakley
533,Kevern,Cochrane
534,Christopher R,Cocklin
535,Jorge O.,Codignotto
538,J. Graham,Cogley
539,Stewart J.,Cohen
540,Julia,Cole
541,Vernon,Cole
542,Anthony,Coleman
543,G.,Collatz
544,Mark,Collier
545,D.,Collins
546,Matthew,Collins
547,William D.,Collins
548,Williams J.,Collins
549,Robert,Colman
550,Joey,Comiso
551,Rosa Hilda,Compagnucci
552,Cecilia,Conde
553,Ulisses,Confalonieri
554,Andrew,Constable
555,Thomas J.,Conway
556,Edward,Cook
557,W.,Cooke
559,J.,Copeland
560,A.,Copping
561,Esteve,Corbera
563,Jan,Corfee-Morlot
564,Richard,Corlett
565,Roman,Corobov
567,Elsa,Cortijo
568,Robert,Costanza
569,Isabelle,Côté
570,M.,Coughenour
571,Michael J.,Coughlan
572,Curt,Covey
573,Peter M.,Cox
574,Philippe J.,Crabbé
575,C.B.,Craft
576,Patricia,Craig
577,Wolfgang P.,Cramer
578,Judith,Cranage
579,R.,Crane
580,J.,Crayston
582,A.,Cress
583,Humphrey,Crick
584,Steven,Crimp
585,P.,Criqui
586,D.,Crommelynck
587,Simon,Crooks
588,J.F.,Crossley
589,M.,Crowe
590,T.,Crowley
591,Rex Victor,Cruz
592,David,Cruz Choque
593,Ulrich,Cubasch
595,Xuefeng,Cui
596,D.,Cunnold
597,J.A.,Curry
598,Ruth,Curry
599,Susana I.,Curto De Casas
600,Luis Veiga,da Cunha
601,Geoff,Dabelko
602,Pradeep Kumar,Dadhich
603,B.,Dahlstrom
604,Aiguo,Dai
606,Martin,Dameris
607,U.,Dammgen
608,J.S.,Daniel
610,Purnamita,Dasgupta
612,N.,Datsenko
613,Rutu,Dave
614,F.,David
615,Debra,Davidson
617,Ogunlade R.,Davidson
618,J.,Davies
619,R.,Davis
620,D.L.,Davis
623,J.,Davison
624,Edmundo,De Alba Alcaraz
625,J.,De Beer
626,Jacqueline,De Chazal
627,Ramon,de Elia
628,R.S.,De Groot
629,Francisco,De La Chesnaye
630,Stephane,De La Rue Du Can
632,P.,De Laquil III
633,M.,de Lourdes Villers-Ruiz
635,John,De Ronde
636,Julia,de Seixas
637,H.J.M.,De Vries
638,J.,De Wolde
640,Andrew,Dearing
642,Manuel,De Castro
643,Ruth,Defries
644,W.,Degefu
645,M.,Dehn
646,A.,Del Genio
647,Pascale,Delecluse
648,K. Casey,Delhotal
649,Thomas L.,Delworth
650,Papa,Demba Fall
653,W.B.,DeMore
654,P.,DeMott
655,Mike,Demuth
656,Michel,Den Elzen
657,Kenneth L.,Denman
658,A.S.,Denning
659,Frank,Dentener
660,Fatima,Denton
661,M.,Deque
662,N.,Derek
663,R.G.,Derwent
664,Sophie,Des Clers
665,Ehrlich,Desa
666,B.N.,Desai
667,Paul,Desanker
669,Clara,Deser
670,R.L.,Desjardin
671,Suraje,Dessai
672,Klaus,Dethloff
674,Robert,Devoy
675,B.,Dey
676,Xu,Deying
677,Nikolay A.,Diansky
678,H.F.,Diaz
679,Luis F.,Diaz
680,Sandra Myrna,Diaz
681,Cristobal Felix,Diaz Morejon
683,R.,Dickerson
684,Robert E.,Dickinson
686,Garba Goudou,Dieudonne
687,Noah,Diffenbaugh
688,J.,Dignon
689,Bouwe,Dijkstra
690,Oagile,Dikinya
691,H.,Dimitriou
692,Yihui,Ding
693,J.,Dippner
694,Paul,Dirmeyer
695,Martin,Dix
696,Keith W.,Dixon
698,E.,Dlugokencky
699,Andrew F.,Dlugolecki
700,Francisco,Doblas-Reyes
702,David,Dodman
703,Petra,Doll
704,David J.,Dokken
705,Trond,Dokken
708,Wenjie,Dong
710,Nikolai,Dotzek
711,B.C.,Douglas
712,A.,Douglas
714,I.,Douglas
715,Charles,Doutriaux
716,Kirstin,Dow
718,H.,Dowlatabadi
719,Thomas E.,Downing
720,F.,Dramis
721,Helge,Drange
722,D.J.,Drewry
723,John,Drexhage
724,Emmanuelle,Driesschaert
725,Kenneth,Drinkwater
726,Fatima,Driouech
727,Job,Dronkers
728,W.,Drosdowsky
730,Maosheng,Duan
731,M.,Duarte
732,Pauline O.,Dube
733,Carolina,Dubeux
734,Ghislain,Dubois
735,Do Minh,Duc
736,Phil,Duffy
737,Jean-Louis,Dufresne
738,P.N.,Duinker
739,J.,Dumanski
740,L.,Dumenil
742,Kirsty,Duncan
743,Matt,Dunn
744,Jean-Claude,Duplessy
745,J.,Dutoit
746,Michael,Dutschke
747,G.,Dutt
748,Virginie,Duvat Magnan
749,J.,Duxbury
750,Ye,Duzheng
751,M.,Dyurgerov
752,Mark,Dyurgerov
753,D.,Eamus
754,David,Easterling
755,William,Easterling
756,Kristie L.,Ebi
757,Michael,Eby
758,K.,Echelmeyer
760,Ottmar,Edenhofer
762,James,Edmonds
763,Martin,Edwards
764,Neil R.,Edwards
767,D.H.,Ehhalt
768,C.N.,Ehler
769,Bas,Eickhout
771,J.,Eischeid
772,W.N.,Ekaya
773,D.L.,Elder
774,Ismail,Elgizouli
775,James W.,Elkins
776,W.,Elliott
778,J.,Ellis
779,H.,Ellsaesser
780,Ibrahim,Elshinnawy
781,Elnour Abdalla,Elsiddig
782,Kerry,Emanuel
783,Steven,Emerson
784,Seita,Emori
785,M.,England
786,P.,Englehart
787,Brenna,Enright
788,Ian G.,Enting
789,Paul R.,Epstein
790,P.,Fraser
791,Siri,Eriksen
792,R.E.,Eskridge
793,Francisco,Estrada Porrúa
794,Nicole,Estrella
795,David,Etheridge
796,David,Etkin
797,G.,Evans
798,J.,Evans
799,J.R.,Evans
800,John,Everett
801,I.,Everson
802,Veronika,Eyring
803,Andre P.C.,Faaij
804,Victoria J.,Fabry
805,Maria Cristina,Facchini
806,David W.,Fahey
808,Pete,Falloon
809,Daidu,Fan
810,Samuel,Fankhauser
811,T.,Farago
812,G.D.,Farquhar
814,M.J.R.,Fasham
815,John,Fasullo
816,S.,Faucheux
817,Eberhard,Faust
818,Philip M.,Fearnside
819,Johannes,Feddema
820,Richard,Feely
821,F.,Fehsenfeld
822,Johann,Feichter
823,Graham,Feingold
825,C.,Feller
826,Y.,Feng
827,Jørgen,Fenhann
828,Thierry,Fichefet
829,Christopher B.,Field
830,B.F.,Findlay
831,Adam,Finkel
832,Max,Finlayson
833,D.,Finon
834,Arlene,Fiore
835,M.,Fiorino
836,H.,Fischer
837,I.,Fischer-Bruns
838,Andreas,Fischlin
840,D.,Fisher
841,S.,Fisher
842,Brian S.,Fisher
843,S.,Fiske
844,B. Blair,Fitzharris
845,Brian,Flannery
846,Gregory,Flato
847,Dominik,Fleitmann
849,James Rodger,Fleming
850,N.,Flemming
851,Marc,Fleurbaey
852,G.,Flittner
853,H.,Flohn
854,D.L.,Fluharty
855,R.M.B.,Foehn
856,Ryan,Fogt
857,J.,Foley
858,Christopher K.,Folland
859,C.L.,Folt
860,Donald L.,Forbes
861,James,Ford
862,Justin,Ford-Robertson
863,Chris,Forest
864,Piers,Forster
865,E.,Fortin
867,Peter,Foukal
868,Y.,Fouquart
869,Douglas,Fox
870,David,Frame
871,R.,Francisco
872,Bernard,Francou
873,S.,Frandsen
874,Jorge,Frangi
875,R.,Franke
876,Paul,Fraser
877,Oliver,Frauenfeld
878,C.,Fredericksen
879,Melissa,Free
880,Howard,Freeland
882,Allan,Frei
883,Christoph,Frei
884,J.,Freney
885,B.,Frenzel
886,P.,Freund
887,Jaafar,Friaa
888,P.,Frich
889,Helen,Fricker
890,R.,Friedl
891,Lb.,Friedleifsson
892,Pierre,Friedlingstein
893,A.,Friend
895,G.,Froger
896,Peter C.,Frumhoff
898,R.,Fu
899,Congbin,Fu
900,Jan,Fuglestvedt
901,Yoshiyuki,Fujii
902,T.,Fujimori
904,Don,Fullerton
905,Inez,Fung
906,Christopher,Furgal
909,Reinhard,Furrer
910,Hans-Martin,Fussel
911,Sandro,Fuzzi
912,John,Fyfe
913,A.,Gacuhi
914,S.,Gadgil
915,D.,Gaffen
916,S.,Gafriy
917,Wojciech,Galinski
919,K.,Gallo
920,Jim,Galloway
922,R.,Gammon
923,Andrey,Ganopolski
925,Qingxian,Gao
926,Qingzhu,Gao
927,Xuejie,Gao
928,Hernan,Garcia
930,Ricardo,García-Herrera
931,Amit,Garg
932,P.,Garin
934,Silvia,Garzoli
935,Jorge,Gasca
936,F.,Gassmann
937,W.L.,Gates
938,Jean-Pierre,Gattuso
940,M.,Gauss
941,Carlos,Gay Garcia
942,Amadou Thierno,Gaye
943,N.,Gedney
944,Stephen,Gehl
948,Marvin,Geller
949,H.,Geller
950,Luis J.,Geng
951,E.,Genikhovich
952,Peter,Gent
953,C.,Genthon
955,V.,Georgievsky
956,Elena,Georgopoulou
957,Rudiger,Gerdes
959,F.W.,Gerstengarbe
960,S.J.,Ghan
961,Christos,Giannakopoulos
963,Dolf,Gielen
964,R.,Gifford
965,Simone,Gigli
966,J.,Gilbert
968,Nathan P.,Gillett
970,Juan Carlos,Giménez
971,P.,Ginoux
972,T.,Ginsburg
973,Filippo,Giorgi
974,Leonidas Osvaldo,Girardin
975,P.-N.,Giraud
976,L. Galindez,Giron
977,Habiba,Gitay
978,Andrew,Githeko
979,Michael H.,Glantz
980,Byron,Gleason
981,B.V.,Glebov
982,Peter,Gleckler
984,M.J.,Glendining
986,G.J.,Glova
987,G.S.,Gohtsyn
988,Michael,Golay
989,J.G.,Goldammer
990,J.,Goldemberg
991,Christian,Gollier
992,Alexander,Golub
993,D.,Gong
994,Sunling,Gong
995,Patrick,Gonzalez
996,Melchor,Gonzalez-Davila
997,Jesus Fidel,Gonzalez-Rouco
998,Hugues,Goosse
999,Brij,Gopal
1000,H.,Gordon
1002,Vivien,Gornitz
1003,Stefan,Gossling
1004,Prashant,Goswami
1005,Dieudonne,Goudou
1006,J,Goudrian
1007,W.,Gould
1008,M.L.,Goulden
1010,K.,Goulding
1011,N.,Graham
1012,Phil,Graham
1013,Richard,Graham
1014,A.,Grainger
1017,H.,Grassl
1018,L.,Graumlich
1019,Donna,Green
1021,David L.,Greene
1022,L.,Greening
1023,Edward G.,Gregorich
1024,Jonathan M.,Gregory
1025,K.,Gregory
1026,Robert,Gregory
1027,L.,Grenfell
1028,Jurgen,Grieser
1029,S.M.,Griffies
1030,C.,Griffiths
1031,David J.,Griggs
1032,J.P.,Grime
1033,C.,Grimes
1034,Peter M.,Groffman
1035,Pavel,Ya Groisman
1037,S.,Grotch
1038,J.M.,Grove
1039,Michael,Grubb
1040,A,Gruber
1041,Nicolas,Gruber
1042,Amulf,Grubler
1043,Howard,Gruenspecht
1044,G.V.,Gruza
1045,Duane J.,Gubler
1046,Richard,Gudgel
1047,G. Hilmar,Gudmundsson
1048,Alex,Guenther
1050,Eric,Guilyardi
1051,Antoine,Guisan
1052,Sergey,Gulev
1053,D.,Gullet
1054,Raymond E.,Gullison
1055,Zhengteng,Guo
1056,Anil Kumar,Gupta
1057,Joyeeta,Gupta
1058,Shreekant,Gupta
1059,Sujata,Gupta
1060,R.,Gupta
1062,Kevin,Gurney
1063,G.,Gutman
1064,William,Gutowski
1065,P.,Guttorp
1066,David,Gutzler
1067,Daniel M.,Gwary
1068,Dimitrios,Gyalistras
1069,Minh,Ha Duong
1070,R.J.,Haarsma
1071,Christian,Haas
1073,Majid,Habibi Nokhandan
1074,J.,Hack
1075,Wilfreid,Haeberli
1076,Jon Ove,Hagen
1077,Joanna,Haigh
1078,Andrew,Haines
1079,Erik,Haites
1080,H.I.,Haites
1081,Kaija,Hakala
1082,J.,Hales
1083,Simon,Hales
1084,Alex,Hall
1086,Jim,Hall
1087,Kimberly,Hall
1088,D.O.,Hall
1089,P.J.,Hall
1090,Stephane,Hallegatte
1091,R.,Hallgren
1092,P.,Halpin
1093,Kirsten,Halsnaes
1094,Steven,Hamburg
1095,Alan,Hamlet
1097,Keisuke,Hanaki
1098,Tatsuya,Hanaoka
1099,Kimio,Hanawa
1100,William Michael,Hanemann
1101,James E.,Hansen
1102,Kabumbwe,Hansingo
1103,Clair,Hanson
1105,Inger,Hanssen-Bauer
1106,M.,Hantel
1107,K.,Haraguchi
1108,Hideo,Harasawa
1109,D.,Hardy
1110,William L.,Hare
1111,J.,Hare
1112,Jochen,Harnisch
1113,N.,Harris
1114,Charles,Harris
1115,Glen,Harris
1116,Jeffrey,Harris
1118,J.,Harris
1119,S.,Harrison
1120,R.,Harriss
1121,L.N.,Harsh
1122,Dennis,Hartmann
1123,Danny,Harvey
1124,Nicholas,Harvey
1125,M.,Harwell
1126,N.,Hasegawa
1127,Seiji,Hashimoto
1128,Rashid,Hassan
1129,D.C.,Hassell
1130,K.,Hasselmann
1131,S.,Hastenrath
1132,Hiroyasu,Hasumi
1133,Hiroshi,Hata
1134,Maria,Hauengue
1135,Didier,Hauglustaine
1136,S.,Hausberger
1137,Philip,Haves
1139,David,Hawkins
1141,John,Hay
1142,L.,Hay
1143,Hitoshi,Hayami
1144,Y.,Hayashi
1145,J.,Hayes
1146,J.,Haywood
1147,James M.,Haywood
1149,Geoffrey,Heal
1150,I.,Heany
1151,R.,Heathcote
1152,A.,Hecht
1153,R.,Hecky
1155,W.,Hediger
1156,Gabriele C.,Hegerl
1157,D.,Hegg
1158,Tom-Reiel,Heggedal
1159,BertJan,Heij
1160,Martin,Heimann
1161,D.,Heimann
1163,O.,Heinemeyer
1164,K.,Heinloth
1165,R.,Heino
1166,J.,Heintzenberg
1167,Christoph,Heinze
1168,Isaac,Held
1169,Joseph P.,Hella
1170,Thomas C.,Heller
1172,Deborah,Hemming
1173,Roderick,Henderson
1174,G.,Henderson
1175,Ann,Henderson-Sellers
1176,Henry,Hendon
1177,C.A.,Hendriks
1178,Kevin,Hennessy
1179,Anne,Henshaw
1180,H.,Henttonen
1182,Deborah,Herbert
1185,M.,Herzog
1187,J.,Heuveldop
1188,Bruce Charles,Hewitson
1189,A.,Higashi
1190,K.,Higuchi
1191,Niro,Higuchi
1193,A.,Higurashi
1194,Yasuaki,Hijioka
1195,E.,Hillsman
1196,Karim,Hilmi
1197,M.,Hinchy
1198,D.,Hinckley
1199,Jochen,Hinkel
1201,Larry,Hinzman
1202,H.,Hirakuchi
1203,Alistair,Hobday
1204,Regine,Hock
1205,Kevin,Hodges
1206,Ove,Hoegh-Guldberg
1207,M.,Hoel
1208,Martin,Hoelzle
1209,M.,Hoffert
1210,M. Timm,Hoffman
1211,C.,Hofius
1212,E.,Hofmann
1213,K.,Hogan
1214,W.,Hogg
1215,Olav,Hohmeyer
1216,Niklas,Höhne
1218,R.,Holesgrove
1219,Greg,Holland
1220,E.A.,Holland
1221,Elisabeth,Holland
1223,Marika M.,Holland
1226,Anne,Hollowed
1227,E.O.,Holopainen
1228,E.,Holt
1229,Jarle Inge,Holten
1230,F-K.,Holtmeier
1231,Albert A. M.,Holtslag
1232,Yasushi,Honda
1233,S.W.,Hong
1234,Monique,Hoogwijk
1235,F.M.J.,Hoozemans
1236,Christopher,Hope
1237,L.,Hopkins
1238,David,Hopley
1240,L.,Horowitz
1241,B.,Horton
1242,Brian J.,Hoskins
1243,Y.,Hosokawa
1244,J.T.,Houghton
1245,Richard A.,Houghton
1246,Jean-Charles,Hourcade
1247,F.,Hourdin
1248,Joanna I.,House
1251,Grete K.,Hovelsrud
1253,Mark,Howden
1254,Charles,Howe
1256,Aixue,Hu
1257,Yongyun,Hu
1258,Z.-Z.,Hu
1259,Nguyen,Hu Ninh
1260,R.,Huang
1261,He-Qing,Huang
1262,Jianping,Huang
1264,S.,Huang
1265,Y.J.,Huang
1266,Yang,Huating
1267,Christian,Huggel
1268,K.,Hughen
1269,Lesley,Hughes
1270,M.K.,Hughes
1271,Terence,Hughes
1272,Hui,Ju
1273,Mike,Hulme
1274,Elizabeth,Hunke
1275,B.,Hunt
1276,B.,Huntley
1277,Saleemul,Huq
1278,James W.,Hurrell
1279,N.,Husson
1282,Guy,Hutton
1283,Philippe,Huybrechts
1285,Francis I.,Ibitoye
1286,A.,Ibrahim
1287,Ana,Iglesias
1288,Mohammad,Ilyas
1289,Anton,Imeson
1291,H.,Imura
1292,Atsushi,Inaba
1293,L.D.,Incoll
1295,William,Ingram
1296,J.L.,Innes
1297,Gregory,Insarov
1298,Muhammad Mohsin,Iqbal
1299,P.,Irannejad
1300,Masami,Iriki
1301,I.S.A,Isaksen
1302,Ketil,Isaksen
1303,A.,Ishida
1304,Masayoshi,Ishii
1305,Hisashi,Ishitani
1306,H.,Iskenderian
1307,Sirajul,Islam
1308,R.,Ismail
1309,Venugopalan,Ittekkot
1310,N.,Ivachtchenko
1311,Antonina,Ivanova Boncheva
1312,M.,Jaccard
1313,C.,Jack
1314,C.,Jackman
1315,Daniel,Jacob
1316,Daniela,Jacob
1317,J.,Jacobeit
1318,U.K.,Jacobson
1319,L.,Jaeglo
1320,A.,Jaervinen
1321,Mostafa,Jafari
1322,A.B.,Jaffe
1323,R.,Jahnke
1324,A.K.,Jain
1325,Suman,Jain
1326,Christian,Jakob
1327,Bubu Pateh,Jallow
1329,Anthony,Janetos
1330,G.,Jannuzzi
1331,Eystein,Jansen
1332,I.A.,Janssens
1333,Peter,Jansson
1334,H. Henry,Janzen
1335,V.J.,Jaramillo
1336,P.G.,Jarvis
1339,T.,Jaszay
1340,Ernesto,Jauregui
1341,A.,Jayaraman
1342,Robert L.,Jefferies
1343,M.,Jefferson
1344,G.,Jendritzky
1345,Adrian,Jenkins
1346,G.J.,Jenkins
1347,R.,Jenne
1348,Catrinus J.,Jepma
1349,Erik,Jeppesen
1350,Simon,Jetté-Nantel
1351,Svetlana,Jevrejeva
1352,Y.,Jia
1353,Kejun,Jiang
1354,Tong,Jiang
1355,X.,Jiang
1356,Su,Jilan
1357,Blanca Elena,Jimenez Cisneros
1358,Esteban,Jobbagy
1359,Eberhard,Jochem
1360,N.S.,Jodha
1361,O.M.,Johannessen
1362,T.,Johannesson
1364,Thomas,Johansson
1365,Tim,Johns
1367,E,Johnson
1368,Gregory,Johnson
1369,D.,Johnson
1371,P.,Jonas
1372,S.,Jonasson
1375,Andy,Jones
1377,Christopher,Jones
1378,Colin,Jones
1379,Gareth S.,Jones
1380,Gregory,Jones
1381,Julie,Jones
1382,Philip D.,Jones
1384,Richard,Jones
1385,Roger N.,Jones
1386,Fortunat,Joos
1387,Suzanne,Joosen
1388,Simon,Josey
1389,Frank,Jotzo
1390,Ian,Joughin
1391,Sylvie,Joussaume
1392,Jean,Jouzel
1394,L.A.,Joyce
1395,Terrence,Joyce
1397,R.J.V.,Joyce
1399,Sukgeun,Jung
1400,Johann H.,Jungclaus
1401,P.R.,Jutro
1402,Pavel,Kabat
1403,Zdzislaw,Kaczmarek
1405,Masa,Kageyama
1406,Suzana,Kahn Ribeiro
1407,Mikiko,Kainuma
1408,D.,Kaiser
1409,Lucka,Kajfez-Bogataj
1410,L.,Kalkstein
1411,Per,Kållberg
1412,Patricia,Kameri-Mbote
1413,T.,Kaminski
1415,M.,Kanakidou
1416,M.,Kanamitsu
1417,Milind,Kandlikar
1418,Sally,Kane
1419,Krishna Kumar,Kanikicharla
1421,Gorashi Mohammed,Kanoan
1422,Joseph Katongo,Kanyanga
1423,Alexey,Kaplan
1424,Manmohan,Kapshe
1425,Baris,Karapinar
1426,Bernd,Kärcher
1427,R.,Karimanzira
1428,Timo,Karjalainen
1430,David,Karl
1431,Thomas R.,Karl
1432,S.,Karlsdottir
1433,I.,Karol
1434,David J.,Karoly
1435,Sivan,Kartha
1436,Georg,Kaser
1437,Takao,Kashiwagi
1438,Robert,Kates
1439,J.,Katima
1440,H.,Kato
1441,A.,Kattenberg
1442,Vladimir M.,Kattsov
1443,Richard W.,Katz
1444,Y.,Kaufman
1445,M.R.,Kaufmann
1446,F.,Kauker
1447,P.E.,Kauppi
1448,S.,Kavi Kumar
1449,Michio,Kawamiya
1451,T.,Keane
1452,C. David,Keeling
1453,Ralph,Keeling
1454,A.,Keen
1456,D.,Keith
1457,Klaus,Keller
1458,Seppo,Kellomaki
1461,S.,Kempe
1462,John,Kennedy
1464,Gavin,Kenny
1465,Jesse,Kenyon
1466,Nathaniel,Keohane
1467,Veli-Matti,Kerminen
1468,B.,Keshavamurthy
1469,A.,Kettle
1470,Jamie,Kettleborough
1471,L.,Kettunen
1475,Barney S.,Kgope
1477,Mizan R.,Khan
1478,P.,Khanna
1479,Viatcheslar,Kharin
1480,N.,Kharin
1481,Abdellatif,Khattabi
1482,Haroon,Kheshgi
1483,S.,Khmelevtsov
1484,Myriam,Khodri
1485,Ashok,Khosla
1486,D.W.,Kicklighter
1487,J.T.,Kiehl
1488,George,Kiladis
1489,G.A.,Kile
1490,Wulf,Killmann
1491,P.D.,Killworth
1492,J.-W.,Kim
1493,Kuh,Kim
1496,J.,Kimble
1497,Masahide,Kimoto
1498,J.,Kindler
1499,Brian,King
1500,Darren,King
1501,M.D.,King
1502,Nicholas,King
1503,B.,Kininmonth
1504,Stefan,Kinne
1505,Patrick,Kinney
1506,D.,Kinnison
1508,R.,Kintanar
1509,J.,Kinyamario
1510,V.,Kirchhoff
1511,Andrei,Kirilenko
1512,Miko,Kirschbaum
1513,Paul,Kirshen
1514,Ben,Kirtman
1515,A.,Kiselev
1517,Roger,Kitching
1518,Akio,Kitoh
1519,T.,Kittel
1520,Robert B.R.,Kiunsi
1521,Peter,Kjeldsen
1522,Tord,Kjellstrom
1523,Richard J.T.,Klein
1524,Stephen A.,Klein
1526,Albert,Klein Tank
1527,D.,Kley
1528,F.,Kloetzli
1529,A.K.,Knapp
1530,F.,Knecht
1531,R.,Knight
1532,W.,Knorr
1533,J.,Knox
1534,Thomas,Knutson
1535,Reto,Knutti
1536,M.,Ko
1537,Shigeki,Kobayashi
1538,Dorothy,Koch
1539,K.,Kodera
1540,Roy M.,Koerner
1541,Arne,Koertzinger
1542,K.E.,Kohfeld
1544,G.,Kohlmaier
1545,H.,Koide
1546,Toshio,Koike
1547,S.,Kojima
1548,A.O.,Kokorin
1549,T.,Kolchugina
1550,A.,Kolesov
1551,Rupa Kumar,Kolli
1552,A.,Kollmus
1553,Charles,Kolstad
1554,K.P.,Koltermann
1555,Paul,Komor
1556,Manaswita,Konar
1557,Yutaka,Kondo
1558,G.,Konnen
1559,N.,Kononova
1560,Inga,Konstantinaviciute
1561,Zurab,Kopaliani
1562,Christian,Korner
1563,L.,Korovkina
1565,James,Kossin
1566,Randal,Koster
1567,Andrey,Kostianoy
1568,V.M.,Kotlyakov
1569,Christoph,Kottmeier
1570,Paul,Kovacs
1571,Sari,Kovats
1572,Lee Ann,Kozak
1574,T.,Kram
1575,Olga N.,Krankina
1576,N.,Krauchi
1577,I.,Krause
1578,P.E.,Kriedemann
1579,Gerhard,Krinner
1580,Ramesh,Kripalani
1581,Andrei,Krovnin
1582,Joseph A.,Kruger
1583,Alan J.,Krupnick
1584,Marta,Krynytzky
1585,M.,Kuhn
1586,Lambert,Kuijpers
1587,G.,Kukla
1588,A.S.,Kulikov
1589,Shashi,Kulshrestha
1590,K.R.,Kumar
1591,Pushpam,Kumar
1592,Surender,Kumar
1593,Zbigniew,Kundzewicz
1594,Kenneth,Kunkel
1595,Kristin,Kuntz-Duriseti
1596,D.,Kupfer
1597,M.,Kuroda
1598,M.,Kurylo
1599,Werner A.,Kurz
1600,K,Kurz
1602,Paul J.,Kushner
1603,Y.,Kushnir
1604,J.E.,Kutzbach
1605,Snorre,Kverndokk
1606,Ronald,Kwok
1607,Won-Tae,Kwon
1608,Laurent,Labeyrie
1609,J.,Labraga
1610,M.,Lal
1611,S.,Lai
1612,Alexandre,Laine
1613,Jukka,Laine
1614,R.,Laine
1615,Petro,Lakyda
1616,Murari,Lal
1617,Rattan,Lal
1618,Chiu-Ying,Lam
1619,Joseph,Lam
1620,Jean-Francois,Lamarque
1621,P.,Lamb
1622,Kurt,Lambeck
1623,S.,Lambert
1624,F. Hugo,Lambert
1626,Annamaria,Lammel
1627,G.,Lammel
1628,C.,Land
1629,J.,Landsberg
1630,Chris,Landsea
1631,Siwei,Lang
1632,Herbert,Lang
1633,Felino,Lansigan
1634,A.,Lanza
1635,John,Lanzante
1636,René,Laprise
1637,R.,Lara
1638,W.G.,Large
1639,Hans,Larsen
1640,Joan Nymand,Larsen
1641,D.,Larson
1642,Rodel,Lasco
1643,Keith,Lassey
1644,John,Latham
1645,R.,Latif
1646,Mojib,Latif
1647,Ngar-Cheung,Lau
1649,Katia,Laval
1650,Michael,Lavine
1651,R.,Law
1652,David M.,Lawrence
1653,M.,Lawrence
1654,Jay,Lawrimore
1655,Seymour,Laxon
1657,Anne,Le Brocq
1658,Henri,Le Houerou
1659,C.,Le Provost
1661,C.,Le Quiero
1662,Hervé,Le Treut
1663,G.,Leach
1664,Paul,Leadley
1665,R.,Leaitch
1666,Walter,Leal
1667,Judith,Lean
1668,Neil A.,Leary
1669,G.H.,Leavesley
1670,Emilio,Lebre La Rovere
1671,Caroline,Leck
1672,Liza,Leclerc
1673,Franck,Lecocq
1675,David S.,Lee
1676,Hoesung,Lee
1677,Terry C.K.,Lee
1678,J.,Lee
1679,Julia,Lee-Taylor
1680,Rik,Leemans
1681,Penehuro,Lefale
1682,Nathalie,Lefevre
1683,Nicolas,Lefevre
1684,S.,Legutke
1685,Robin,Leichenko
1686,Pedro,Leite da Silvia-Dias
1687,J.C.,Leiva
1688,J.,Lelieveld
1689,Peter,Lemke
1690,Maria-Carmen,Lemos
1691,Robert,Lempert
1692,S.J.,Lennon
1693,T.,Lenton
1694,C.,Leovy
1695,Corrine,Le Quéré
1696,Asuncion,Lera St.Clair
1698,D.P.,Lettenmaier
1699,Eric,Leuliette
1700,Ruby,Leung
1701,Lawrence,Leung
1703,P.,Levelle
1704,Anders,Levermann
1705,Geoffrey J.,Levermore
1706,L.,Levin
1707,Mark D.,Levine
1708,David,Levinson
1709,Sydney,Levitus
1710,Marc,Levy
1711,T.,Lewis
1712,Nancy,Lewis
1713,A.G.,Lewkowicz
1715,Congxian,Li
1717,Junfeng,Li
1718,Shuangcheng,Li
1719,Yue,Li
1720,Hong,Liao
1721,Øyvind,Lie
1722,H.J.,Liebscher
1723,Tranviet,Lien
1724,Beate,Liepert
1726,Erda,Lin
1727,X,Lin
1730,S.,Linder
1731,Elisabet,Lindgren
1732,P.D.,Lindgren
1733,K.,Lindsay
1734,R.S.,Lindzen
1735,D.,Linforth
1736,Chee Yoke,Ling
1737,C.S.,Lingle
1738,A.,Linkins
1739,H.,Lins
1740,J.,Liski
1741,P.,Liss
1742,D.,Lister
1743,Chunzhen,Liu
1744,Qiyong,Liu
1745,Shiyin,Liu
1747,Diana,Liverman
1748,D.,Liverman
1749,R.,Livezey
1750,W.,Lixian
1751,Juan F.,Llanes-Regueiro
1754,J.,Lloyd
1755,Daniel,Lluch-Belda
1756,Salvador,Lluch-Cota
1757,David,Lobell
1759,Harald,Loeng
1760,J.A.,Logan
1761,Ulrike,Lohmann
1762,J.,Lomas
1763,S.,Long
1764,C.,Long-Jun
1765,N.,Lopoukhine
1766,L.,Lorentsen
1767,Irene,Lorenzoni
1768,C.,Lorius
1769,Inigo J.,Losada
1770,Janice,Lough
1771,R.,Loulou
1772,Marie-France,Loutre
1773,P.,Love
1774,Geoff,Love
1775,David C.,Lowe
1776,Jason A.,Lowe
1777,Xianfu,Lu
1778,George,Luber
1779,Wolfgang,Lucht
1780,K.M.,Lugina
1781,A.,Lugo
1783,Nick,Lunn
1784,Ji-Bin,Luo
1785,Yong,Luo
1786,A.,Lupo
1787,Juerg,Luterbacher
1788,Jug,Luterbacher
1789,Wolfgang,Lutz
1790,R.J.,Luxmoore
1791,Omar,Ly
1792,A.,Lync
1793,Amanda H.,Lynch
1794,C.,Ma
1795,Shiming,Ma
1796,Zhuguo,Ma
1797,I.,Macadam
1798,Douglas,MacAyeal
1799,Michael C.,MacCracken
1800,N.,Maceira
1801,B.,Machenhauer
1802,D.C.,Maclver
1803,Dena,MacMynowski
1804,R.L.,Madden
1805,G.,Madec
1806,Terry,Mader
1807,K.,Madhava Sarma
1808,S.,Madronich
1809,S.,Maeda
1810,Christopher H.D.,Magadza
1811,Antonio R.,Magalhaes
1812,Victor,Magana
1813,Victor,Magaña Rueda
1814,John J.,Magnuson
1815,Graciela Odilia,Magrin
1816,Natalie,Mahowald
1818,E.,Maier-Reimer
1819,Gabriel M.,Mailu
1820,M.,Maiss
1821,Joseph Mworia,Maitima
1823,David C.,Major
1824,J.A.,Majorowicz
1825,W.R.,Makundi
1826,E.C.,Malagnino
1827,Yadvinder,Malhi
1828,L.,Malone
1829,Elizabeth L.,Malone
1830,S.,Manabe
1831,E.,Mancini
1833,B.,Manighetti
1834,M.E.,Mann
1835,Susan,Mann
1836,Andrew C.,Manning
1837,M.,Manning
1838,Martin,Manning
1840,Elisa,Manzini
1842,Harvey J.,Marchant
1843,Katarina,Mareckova
1844,Jose,Marengo
1846,M.,Marinucci
1847,Anil,Markandya
1848,A.,Markham
1849,Gregg,Marland
1850,Jochem,Marotzke
1852,Robert,Marsh
1853,S.,Marshall
1854,Gareth,Marshall
1855,Pim,Martens
1856,W.J.M.,Martens
1857,P.J.,Martikainen
1858,P.,Martin
1859,Eric,Martin
1860,Daniel L.,Martino
1861,Eric,Martinot
1862,Ken,Masarie
1863,Omar,Masera
1865,P.,Mason
1866,Valerie,Masson-Delmotte
1867,Greg,Masters
1869,Michael D.,Mastrandrea
1870,Toshihiko,Masui
1871,Luis Jose,Mata
1872,R.J.,Matear
1873,P.,Matson
1874,Ryuji,Matsuhasi
1875,Katsumi,Matsumoto
1876,Mitsuo,Matsumoto
1877,Taroh,Matsuno
1878,Yuzuru,Matsuoka
1879,H. Damon,Matthews
1880,E.,Matthews
1881,Christoph,Matulla
1882,Anna,Matysek
1883,G.A.,Maul
1884,Cecilie,Mauritzen
1885,D.L.,Mauzerall
1886,Barrie,Maxwell
1887,W.,May
1888,R.S.,Maya
1890,Nancy,Maynard
1891,Tim,McAllister
1892,Bryant J.,McAvaney
1893,Gordon,McBean
1894,Bruce,McCarl
1895,James J.,McCarthy
1897,D.,Mccaulay
1898,J.,McConnell
1899,B.,Mcdowall
1902,Mack,McFarland
1903,N.,Mcfarlane
1904,Gordon,McFiggans
1906,J.L.,McGregor
1907,Glenn,McGregor
1909,K.,McGuffie
1910,A.D.,McGuire
1911,Kathleen,McInnes
1912,Diane,McKnight
1914,Roger,McLean
1915,T.,Mcmahon
1916,Anthony J.,McMichael
1917,R.E.,Mcmurtrie
1918,K.,Mcnaughton
1919,Michael,McPhaden
1920,J.,Mcvey
1921,J.,Mcwilliams
1922,Linda O.,Mearns
1923,Carl A.,Mears
1924,Reinhard,Mechler
1925,Mahmoud,Medany
1927,Gerald A.,Meehl
1928,M.,Meier
1929,P.,Meier
1930,Malte,Meinshausen
1931,G.,Meira
1932,L.G.,Meira Filho
1933,E.,Mekis
1934,V.,Meleshko
1935,J.M.,Melillo
1936,Humphrey,Melling
1937,L.,Menchaca
1939,Blanca,Mendoza
1940,G.,Mendzhulin
1941,Claudio,Menendez
1942,Bettina,Menne
1943,Surabi,Menon
1944,Annette,Menzel
1945,L.,Merlivat
1946,Mark,Merrifield
1947,Anna V.,Mescherskaya
1948,R.,Methot
1949,Bert,Metz
1950,I.,Meyer
1951,Leo,Meyer
1952,Lukas,Meyer
1953,R.,Meyer
1955,Klaus Michael,Meyer-Abich
1956,S.,Meyers
1957,Francisco,Meza
1958,Laurie,Michaelis
1959,Axel,Michaelowa
1960,A.,Michaels
1961,P.,Michaels
1962,L.,Mickley
1964,P.,Midgley
1965,Guy,Midgley
1968,M.,Mietus
1969,U.,Mikolajewicz
1971,M.W.,Miles
1972,Edward L.,Miles
1973,B.,Miller
1974,M.,Miller
1975,N.L.,Miller
1977,John B.,Miller
1978,Kathleen,Miller
1981,R.,Miller
1982,Claude,Millot
1983,Evan,Mills
1984,Scott,Mills
1985,D.,Mills
1986,Chris,Milly
1987,Glenn,Milne
1988,S.,Milton
1989,Nobuo,Mimura
1990,K.,Minami
1991,K.,Minato
1992,Reid,Miner
1993,Charles Kenneth,Minns
1994,K.,Minschwaner
1995,I.,Mintzer
1997,Sevastian,Mirasgedis
1998,M. Monirul Qader,Mirza
1999,M.,Mishchenko
2000,Alison,Misselhorn
2001,John F. B.,Mitchell
2005,A.,Moberg
2006,Mithra,Moezzi
2007,Igor,Mokhov
2008,Abdalah,Mokssit
2009,Ulf,Molau
2010,Mario,Molina
2011,Robert,Molinari
2012,Henrik,Moller
2013,Adam H.,Monahan
2014,Anthony,Mongameli Mehlwana
2015,Suvi,Monni
2016,Eric,Monnin
2017,C.,Monreal
2018,J.P.,Montero
2019,Wd.,Montgomery
2020,Steve,Montzka
2021,William,Moomaw
2023,B.,Moore III
2025,J-J.,Morcrette
2026,Jose Roberto,Moreira
2027,P.,Morel
2028,Patricia,Morellato
2029,Ana Rosa,Moreno
2030,José,Moreno
2033,V.,Morgan
2034,S.,Mori
2035,James,Morison
2037,T.,Morita
2038,John,Morton
2039,Linda,Mortsch
2040,Susanne C.,Moser
2041,A.,Mosier
2042,P.,Mosley
2043,Ellen,Mosley-Thompson
2044,Richard H.,Moss
2045,Philip,Mote
2046,T.,Motoi
2047,Tushar,Moulik
2048,D.,Mountain
2049,A D,Moura
2050,P.,Moura Costa
2051,J.K.E.,Mubazi
2052,R.K.,Mugara
2053,Daniel,Muhs
2055,Robert,Muir-Wood
2056,Rupa,Mukerji
2057,Patrick,Mulholland
2058,A. Brett,Mullan
2060,J.,Muller
2061,J.F.,Muller
2062,Simon A.,Müller
2063,W.,Mullie
2064,Mohan,Munasinghe
2065,M.,Mund
2066,Luis,Mundaca
2067,Shinya,Murase
2068,Daniel,Murdiyarso
2069,Yasunori,Muromachi
2070,James M.,Murphy
2071,D.,Murphy
2074,Tavi,Murray
2075,Raimund,Muscheler
2076,R.,Musselman
2078,H.,Muturi
2079,Alick,Muvundika
2080,Maria Silvia,Muylaert de Araujo
2081,Shadrack S.,Mwakalila
2082,M.J.,Mwandosya
2083,Gunnar,Myhre
2085,Ranga,Myneni
2086,L.,Mysak
2087,Gert-Jan,Nabuurs
2088,F.,Nachtergaele
2090,Gustavo,Nagy
2091,Tim,Naish
2092,Adil,Najam
2093,Teruyuki,Nakajima
2094,Taito,Nakalevu
2095,Hisashi,Nakamura
2097,H.,Nakane
2099,Nebojsa,Nakicenovic
2101,P.M.,Nastari
2102,Stale,Navrud
2103,Susanne,Nawrath
2104,Johnson,Ndi Nkem
2105,S.,Neale
2106,Mark,Nearing
2107,J.  David,Neelin
2108,Ron,Neilson
2109,Frederick E.,Nelson
2111,J.,Nemec
2112,Peter,Neofotis
2113,Daniel,Nepstad
2114,Robert,Nerem
2115,James,Neumann
2117,Mark,New
2118,Paul,Newton
2119,Peter J.,Newton
2120,John,Nganga
2121,M.T.,Nhuan
2122,Isabelle,Niang-Diop
2123,Neville,Nicholls
2124,Robert J.,Nicholls
2125,S.,Nicholson
2126,S.,Nicol
2129,Ivan,Nijs
2130,Elena,Nikitina
2132,S.,Nilsson
2133,Hassan Bashir,Nimir
2134,Shuzo,Nishioka
2136,Ian,Noble
2137,Carlos A.,Nobre
2138,Akira,Noda
2140,M.,Noguer
2141,Yukihiro,Nojiri
2142,Richard J.,Norby
2143,Richard B.,Norgaard
2144,Joel,Norris
2145,G.,North
2146,Belá,Nováky
2147,P.,Novelli
2148,Aleksandra,Novikova
2149,T.,Nozawa
2150,Toru,Nozawa
2151,Patrick D.,Nunn
2152,Leonard,Nurse
2153,Mark,Nuttall
2154,James C.,Nwafor
2156,B.S.,Nyenzi
2158,Anthony,Nyong
2160,Karen,O'Brien
2161,S.P.,O'Farrell
2162,W.,O'Hirok
2163,Frank P.,O'Mara
2164,Brian C.,O'Neill
2165,Catherine,O'Reilly
2166,Kath,O'Shaughnessy
2167,J.M.,Oberhuber
2168,Imoh,Obioh
2169,J.A.,Odera
2170,Richard,Odingo
2171,Rispa,Odongo
2172,Walter,Oechel
2173,Johannes,Oerlemans
2174,H,Oeschger
2176,Laban J.,Ogallo
2177,W.,Ogana
2178,Y.,Ogawa
2179,Anthony,Ogbonna
2180,Stephen,Ogle
2181,J.,Oguntojinbo
2182,J S.,Oguntoyinbo
2183,Ryousauke,Ohashi
2184,Atsumu,Ohmura
2186,G.,Ohring
2187,T.,Oikawa
2188,D.,Ojima
2189,Teruo,Okazaki
2190,Ezekiel,Okemwa
2191,Chukwumerije,Okereke
2192,Taikan,Oki
2193,T.,Okita
2195,E.O.,Oladipo
2196,Daniel,Olago
2197,E.,Olaguer
2198,O.J.,Olaniran
2200,Jørgen,Olesen
2201,Jos G.J.,Olivier
2202,Lennart,Olsson
2205,Jane Mukarugwiza,Olwoch
2207,Jean,Ometto
2208,Jin-Eong,Ong
2209,Tsuneo,Ono
2212,Maggie,Opondo
2213,J.,Oppeneau
2214,Michael,Oppenheimer
2215,Hans,Opschoor
2216,Mats,Oquist
2217,David,Oram
2218,J-P.,Orfeuil
2219,James,Orr
2220,Timothy,Osborn
2221,Balgis,Osman-Elasha
2222,Tatyana,Ososkova
2223,Ursula,Oswald Spring
2224,P.,Ottesen
2225,Bette,Otto-Bliesner
2226,Hubert N'Djafa,Ouaga
2227,James,Overland
2228,Jonathan,Overpeck
2229,T.,Owen
2230,J.J.,Owonubi
2231,Walter,Oyhantçabal
2233,Øyvind,Paasche
2234,R.K.,Pachauri
2235,M.,Padgett
2236,Jonathan,Padgham
2237,H.,Paeth
2238,S.,Page
2239,J.,Pagnan
2240,Markus,Pahlow
2241,Didier,Paillard
2243,Jeremy S.,Pal
2245,Gianna,Palmer
2246,Timothy N.,Palmer
2247,A.,Palmer
2248,Jean P.,Palutikof
2249,Genxing,Pan
2250,Jiahua,Pan
2251,G.V.,Panov
2252,Govind Ballabh,Pant
2253,S.,Panturat
2254,S.,Parey
2255,Jyoti K.,Parikh
2256,Kirit S.,Parikh
2259,Faizal,Parish
2260,P.K.,Park
2261,R.,Park
2262,David E.,Parker
2263,C.L.,Parkinson
2264,Camille,Parmesan
2265,Frederic,Parrenin
2266,Martin,Parry
2267,Edward,Parson
2269,W.,Parton
2270,Alberto,Pasco-Font
2271,Anthony,Patt
2272,D.,Patterson
2273,Anand,Patwardhan
2274,Jonathan,Patz
2275,Frank,Paul
2276,L.,Paul
2277,K.,Paustian
2278,Tatiana,Pavlova
2279,Rolph,Payet
2280,Antony,Payne
2281,Andrew,Peara
2282,Tristan,Pearce
2283,D.W.,Pearce
2284,G.,Pearman
2286,Martin,Pêcheux
2287,S.C.,Peck
2288,T.,Pederson
2289,S.A.,Pegov
2290,Netatua,Pelesikoti
2291,Mark,Pelling
2292,W. Richard,Peltier
2293,M.,Pena
2294,H.,Peng
2295,Tsung-Hung,Peng
2296,S.,Penkett
2297,C.,Penland
2298,Joyce E.,Penner
2299,Guy,Penny
2300,R.,Pentland
2302,Martha,Perdomo
2303,Joy Jacqueline,Pereira
2304,Rosa,Perez
2305,H.,Perez Nieto
2306,T.H.R.,Peries
2307,Judith,Perlwitz
2308,E.,Perrott
2309,Allen,Perry
2310,Jonathan,Pershing
2311,Grzegorz,Peszko
2312,R.,Peters
2313,Thomas,Peterson
2314,D.,Peterson
2316,Vladimir,Petoukhov
2317,Gerhard,Petschel-Held
2319,Philippe,Peylin
2320,W. Tad,Pfeffer
2321,Christopher,Pfeiffer
2322,Christian,Pfister
2323,D.,Phantumvanit
2324,M.,Phillip
2325,Thomas,Phillips
2326,J.,Philpott
2327,Shilong,Piao
2328,T.,Piatt
2329,Ramon,Pichs-Madruga
2330,K.,Pickering
2332,David,Pierce
2333,R.T.,Pierrehumbert
2334,Etienne,Piguet
2335,Olga,Pilifosova
2336,G.J.,Pillet
2337,M.,Pinard
2339,Luiz,Pinguelli Rosa
2340,R.,Pinker
2341,László,Pinter
2343,Riitta,Pipatti
2344,Stephen,Piper
2345,R.,Pischinger
2346,G.,Pitari
2347,Hugh M.,Pitcher
2348,L.F.,Pitelka
2349,Andy,Pitman
2350,A. Barrie,Pittock
2351,Warren T.,Piver
2352,William A.,Pizer
2353,Serge,Planton
2354,Gian-Kasper,Plattner
2355,H.,Pleym
2356,Steven,Plotkin
2357,N.,Plummer
2358,David,Plummer
2360,I.,Poiner
2361,J.,Polcher
2362,Henry,Pollack
2363,D.F.W.,Pollard
2364,Wayne,Polley
2365,S.,Pollonais
2366,Elvira,Poloczanska
2367,Alexander,Polonsky
2368,I.,Polyakov
2370,Michael,Ponater
2371,V.,Pope
2372,David,Popp
2373,J.H.,Porter
2374,John R.,Porter
2375,Hans-O.,Portner
2376,W.,Post
2377,G.L.,Potter
2378,German,Poveda
2379,Scott B.,Power
2380,D.,Powlson
2381,L.P.,Prahm
2382,N.S.,Prasad
2383,Michael,Prather
2384,L.C.,Prentice
2385,I. Colin,Prentice
2386,Benjamin,Preston
2387,Pal,Prestrud
2388,Jan,Pretel
2389,Jeff,Price
2390,Lynn K.,Price
2391,M.F.,Price
2393,S.,Prinn
2394,Ronald,Prinn
2395,Andrey,Proshutinsky
2396,J.,Prospero
2397,Terry D.,Prowse
2398,Christel,Prudhomme
2399,J.,Puidefabregas
2400,Juan,Pulhin
2401,Roger,Pulwarty
2403,Batima,Punsalmaa
2404,Y.,Qian
2405,Dahe,Qin
2406,Bo,Qiu
2407,Johannes,Quaas
2408,Detlef,Quadfasel
2409,P.,Quay
2410,R.,Quayle
2411,F.,Quinn
2412,P.,Quinn
2413,Terrence,Quinn
2414,A.,Qureshi
2415,J.,Rabinovitch
2417,Graciela,Raga
2418,Sachooda,Ragoonaden
2419,Fatemeh,Rahimzadeh
2420,Atiq,Rahman
2421,Stefan,Rahmstorf
2422,Jouni,Raisanen
2423,R.J.,Raison
2424,Marie-Louise,Rakotondrafara
2425,Srikanthan,Ramachandran
2426,P.S.,Ramakrishnan
2427,Veerabhadran,Ramanathan
2428,Navin,Ramankutty
2429,K.S.,Ramasastri
2430,Venkatachalam,Ramaswamy
2431,Rengaswamy,Ramesh
2432,P.,Ramirez
2433,A.,Ramirez-Rojas
2434,Ashish,Rana
2435,S.,Rand
2436,David A.,Randall
2439,E.Ya.,Rankova
2440,Shilpa,Rao
2441,Sarah C.B.,Raper
2442,Philip,Rasch
2443,P.D.,Raskin
2444,J.,Rasmussen
2445,S.,Rasner
2446,I.,Rasool
2447,E.B.,Rastetter
2449,Alexander,Rauja Gacuhi
2450,Bruce H.,Raup
2451,Michael,Raupach
2452,Nijavalli H.,Ravindranath
2453,A.R.,Ravishankara
2454,Samuel,Rawlins
2455,Charles,Raymond
2456,Dominique,Raynaud
2458,N.,Rayner
2459,Peter J.,Rayner
2460,Steve,Rayner
2461,W.,Razali Wan Mohd
2462,V.N.,Razuvaev
2463,Peter,Read
2464,Chris,Reason
2465,Margaret Hiza,Redsteer
2466,Tim,Reeder
2467,H.A.,Regier
2468,Gregor,Rehder
2469,George,Reid
2470,John M.,Reilly
2471,W.,Reisen
2472,Andy,Reisinger
2473,James,Reist
2474,Guoyu,Ren
2475,Jiawen,Ren
2476,Hans,Renssen
2478,James A.,Renwick
2480,Aromar,Revi
2481,Boris,Revich
2483,R.W.,Reynolds
2484,Monika,Rhein
2485,W.J.,Rhodes
2486,Keywan,Riahi
2487,J.,Ribalaygua
2488,Charles W.,Rice
2489,K.R.,Richards
2490,C.J.,Richardson
2491,D.,Richardson
2492,Richard G.,Richels
2493,J.,Richey
2494,V.,Richter
2495,Ulf,Riebesell
2496,Arthur,Riedacker
2497,J.,Rieley
2498,Eric,Rignot
2499,Ignatius,Rigor
2500,Jacques,Rilling
2501,Ca.,Rinaldi
2502,David,Rind
2503,Annette,Rinke
2504,Stephen,Rintoul
2505,J.,Risbey
2506,C.,Ritz
2508,Marta,Rivera-Ferre
2509,Michel,Rixen
2510,Paola,Rizzoli
2511,J.,Roads
2512,D.L.,Roberts
2513,Debra,Roberts
2514,Malcolm,Roberts
2515,Franklin R.,Robertson
2516,J.S.,Robertson
2517,David,Robinson
2518,John B.,Robinson
2521,Alan,Robock
2522,E.V.,Rocheva
2523,R.,Rochon
2525,Christian,Rodenbeck
2527,H.,Rodhe
2528,Xavier,Rodo
2529,R.,Rodriguez
2530,Rafael,Rodriguez Acevedo
2531,Erich,Roeckner
2532,R.A.,Roehrl
2533,G.J.,Roelofs
2534,Dean,Roemmich
2535,R.,Roetter
2536,G.,Roff
2537,J.,Rogasik
2539,H.,Rogers
2540,Hans-Holger,Rogner
2541,B.,Rognerud
2542,Maisa,Rojas
2543,Vladimir,Romanenkov
2545,Patricia,Romero Lankao
2546,Gina,Roos
2547,Terry L.,Root
2548,C.F.,Ropelewski
2549,Anthony,Rosati
2550,George,Rose
2551,Steven K.,Rose
2552,R.,Rosen
2553,N.,Rosenberg
2554,K.E.,Rosendahl
2555,Karen,Rosenlof
2556,Cynthia,Rosenzweig
2557,R.,Ross
2558,M.,Rostagno
2560,David,Rothrock
2561,J.,Rotmans
2562,Leon D.,Rotstayn
2563,R.,Rotter
2564,Nigel,Roulet
2565,Mark,Rounsevell
2566,P.,Roux
2567,P.R.,Rowntree
2568,Joyashree,Roy
2569,Markku,Rummukainen
2570,Steve,Running
2571,Kimmo,Ruosteenoja
2572,Susanne,Rupp-Armstrong
2573,Oliver,Ruppel
2574,Gary L.,Russell
2575,J.M.,Russell
2576,Matilde,Rusticucci
2577,D.G.,Rutashobya
2578,Matthias,Ruth
2579,M.,Ryan
2580,Kirstin,Rypdal
2582,Christopher,Sabine
2583,W.,Sachs
2585,S.,Sadasivan
2586,Simad,Saeed
2587,N.,Saelthun
2588,Uriel N.,Safriel
2589,Ambuj,Sagar
2590,N.,Sagawa
2591,Dork,Sahagian
2592,Tatsuyoshi,Saijo
2593,David,Sailor
2594,Yoshiki,Saito
2595,O.,Sala
2596,David,Salas Y MéLia
2597,E.P.,Salathe
2598,E.,Salati
2599,M.,Salby
2601,Mohamed,Salih
2602,"Michael James ""Jim""",Salinger
2603,Asbury,Sallenger
2604,N.,Sampson
2607,Roberto A.,Sanchez Rodriguez
2608,Johan,Sanders
2609,E.,Sanhueza
2610,Alexei,Sankovski
2611,Benjamin D.,Santer
2612,Filipe,Santos
2613,María José,Sanz Sanchez
2614,E.,Sarachik
2615,Agus,Sari
2617,Abdoulaye,Sarr
2619,Jose,Sarukhan
2620,H.,Sasaki
2621,Akihiko,Sasaki
2622,W.,Sassin
2623,A.,Sastri
2624,Jayant,Sathaye
2625,S. K.,Satheesh
2626,N.,Sato
2627,David,Satterthwaite
2628,Dieter,Sauerbeck
2629,Rainer,Sauerbor
2630,Mark,Saunders
2631,A.R.,Saunders
2632,Robert,Sausen
2633,H.H.G.,Savenije
2634,K.,Saviharju
2635,D.,Savoie
2637,Fabio,Scarano
2638,P.,Schaefer
2639,Roberto,Schaeffer
2640,A.,Schafer
2641,C.,Schanwiese
2642,Bernd,Schanzenbacher
2643,Christoph,Schar
2644,C.,Schaur
2646,H.-J.,Schellnhuber
2647,J.,Scheraga
2648,Simon Christian,Scherrer
2649,David,Schimel
2650,David,Schimmelpfennig
2652,Lisa,Schipper
2653,Bernhard,Schlamadinger
2654,Stefan P.,Schleicher
2655,M.E.,Schlesinger
2656,W.,Schlesinger
2658,E.,Schlosser
2659,H.,Schmid
2660,Josef,Schmidhuber
2661,Hauke,Schmidt
2662,Daniela,Schmidt
2663,Gavin,Schmidt
2664,R.W.,Schmitt
2665,Andreas,Schmittner
2667,Birgit,Schneider
2668,Stephen,Schneider
2669,T.L.,Schneider
2670,Uwe A.,Schneider
2672,R.,Schnur
2673,Robert,Schock
2674,Robert (Bob) J.,Scholes
2675,C.-D.,Schonwiese
2676,W.,Schopfhauser
2677,Friedrich,Schott
2678,L.,Schrattenholzer
2679,E.,Schuize
2680,Martin G.,Schultz
2681,Michael,Schulz
2682,Ernst-Detlef,Schulze
2683,Roland,Schulze
2684,U.,Schumann
2685,Sandra,Schuster
2686,C.J.E.,Schuurmans
2687,Stephen E.,Schwartz
2688,Dan,Schwartzkopf
2690,John,Scinocca
2691,Carlos,Scoppa
2692,A.,Scott
2693,Daniel,Scott
2694,Michael J.,Scott
2695,T.,Seastedt
2696,Rachid,Sebbari
2697,Roger,Sedjo
2698,Bernard,Seguin
2699,J.,Sehgal
2700,Dan,Seidov
2701,J.,Seinfeld
2702,Hector,Sejenovich
2703,Shigetaka,Seki
2704,P.J.,Sellers
2705,Graham,Sem
2706,Frederick H.M.,Semazzi
2707,Serguei M.,Semenov
2708,E.,Semenyuk
2709,A.,Semtner Jr
2710,Zekai,Sen
2711,Catherine A.,Senior
2712,Mohamed,Senouci
2713,R.,Seroa da Motta
2714,Mark C.,Serreze
2715,Josef,Settele
2716,B.,Sevruk
2717,David,Sexton
2718,N.,Shackleton
2719,R.G.,Shackleton
2721,A.,Shah
2722,Q.,Shao
2723,Xuemei,Shao
2724,X.,Shaoxiong
2725,T.D.,Sharkey
2727,Ashok,Sharma
2728,R.,Sharma
2729,S.,Sharma
2730,J.,Sharp
2731,G.,Sharp
2732,G.,Shaver
2734,Rebecca,Shaw
2735,S.A.,Shchuka
2736,Dennis,Shea
2738,Mordechai,Shechter
2739,Kamel,Sheikho
2740,Claudia,Sheinbaum Pardo
2742,Andrew,Shepherd
2743,J. Marshall,Shepherd
2744,Theodore G.,Shepherd
2745,K.,Sherman
2746,Steven,Sherwood
2747,G.Y.,Shi
2748,Igor,Shiklomanov
2749,Drew,Shindell
2750,Keith P.,Shine
2751,M.,Shinoda
2752,J.,Shogren
2753,Mxolisi,Shongwe
2754,E.,Shove
2755,Arun,Shreshtha
2757,David,Shriner
2758,Jagadish,Shukla
2759,Priyadarshi R.,Shukla
2760,C.K.,Shum
2761,W.J.,Shuttleworth
2762,Anatoly,Shvidenko
2763,T.,Sibley
2764,N.,Sidorenkov
2765,U.,Siegenthaler
2766,Peter,Siegmund
2767,Britaldo,Silveira Soares Filho
2768,J.,Silvola
2769,P.,Simmonds
2770,Ian H.,Simmonds
2771,Adrian,Simmons
2772,P.,Simon
2775,Ralph E. H.,Sims
2776,S.,Singh
2777,N.,Singh
2778,U.,Singh
2779,S.K.,Sinha
2780,D.,Siniscalco
2781,Frank,Sirocko
2782,Oleg D.,Sirotenko
2783,S.,Sitch
2785,Jim F.,Skea
2786,C.,Skelly
2787,W.R.,Skinner
2788,Kjell Olav,Skjolsvik
2789,O.,Skre
2790,P.,Skvarca
2791,J.,Slack
2792,Andrew G.,Slater
2793,R.,Slater
2794,Julia,Slingo
2795,R.,Slooff
2797,Barry,Smit
2798,I.,Smith
2800,T.,Smith
2802,Doug M.,Smith
2803,Joel B.,Smith
2804,Kirk Robert,Smith
2805,Michael H.,Smith
2806,Neville,Smith
2807,Peter,Smith
2808,Raymond C.,Smith
2809,S.,Smith
2810,Sharon,Smith
2811,C.,Smyser
2813,Brian,Soden
2814,Brent,Sohngen
2815,Andrei,Sokolov
2816,V.I.,Sokolov
2817,Youba,Sokona
2818,Sami K.,Solanki
2819,B.,Solberg
2820,I.,Soldatova
2821,William,Solecki
2822,Gabriel,Soler
2823,Silvina,Solman
2824,Olga,Solomina
2826,Allen M.,Solomon
2827,Susan,Solomon
2828,Andrew,Solow
2829,W.,Sombroek
2830,Richard,Somerville
2831,L.,Somlyody
2832,C.,Somorowski
2833,Samuel,Somot
2834,D.,Sonechkin
2835,Yuhe,Song
2836,B.,Sorensen
2839,Jean-Francois,Soussana
2840,Renato,Spahni
2841,Tim,Sparks
2842,R.W.,Spencer
2843,Thomas,Spencer
2844,N.,Speranskaya
2845,K.,Sperber
2846,Daniel,Sperling
2847,R.,Spichiger
2850,Jayaraman,Srinivasan
2851,L.,Srivastava
2852,J.,Staehelin
2853,M.,Stafford Smith
2854,D.,Stahle
2855,David,Stainforth
2856,Eugene Z.,Stakhiv
2857,Detlef,Stammer
2859,Andrew,Staniforth
2860,Sheila,Stark
2861,Oedon,Starosolszky
2862,Robert N.,Stavins
2863,P.,Steele
2864,Koni,Steffen
2865,Will,Steffen
2866,Georgiy,Stenchikov
2867,M.,Stendel
2868,D.J.,Stensrud
2869,Graeme,Stephens
2870,David B.,Stephenson
2871,A.,Sterin
2872,William,Stern
2873,G.,Stevens
2874,Bjorn,Stevens
2875,David S.,Stevenson
2876,R.B.,Stewart
2878,J.,Stiglitz
2879,T.,Stockdale
2880,Thomas F.,Stocker
2881,B.J.,Stocks
2882,Daithi A.,Stone
2883,John M.R.,Stone
2885,F.,Stordal
2888,Lowell D.,Stott
2889,Peter A.,Stott
2890,Ronald J.,Stouffer
2891,B.,Strain
2892,Roger B.,Street
2893,F.,Street-Perrott
2894,David G.,Streets
2895,Bart,Strengers
2896,C.,Strzepek
2897,Kenneth,Strzepek
2898,Claudia,Stubenrauch
2899,Nicola,Stuber
2900,Kate,Studd
2901,P.,Sturm
2902,W.,Su
2903,Avelino G.,Suarez
2904,C.E.,Suarez
2905,S.,Subak
2907,Kengo,Sudo
2908,Toshio,Suga
2909,A.,Sugandhy
2910,M.,Sugi
2911,Taishi,Sugiyama
2912,Hari,Suharyono
2913,Raman,Sukumar
2914,M.,Sullivan
2916,E.,Sulzman
2917,Akimasa,Sumi
2918,B.,Sun
2919,Svein,Sundby
2920,J.,Sundet
2921,H.,Sundquist
2922,Ramasamy,Suppiah
2924,Akhilesh,Surjan
2925,R.T.M.,Sutamihardja
2926,Rowan,Sutton
2928,T.,Svejcar
2929,B.H.,Svensson
2930,V.,Swail
2931,Rob J.,Swart
2932,Colm,Sweeney
2933,John,Sweeney
2934,J.,Syktus
2936,K.,Szesztay
2937,Jan,Szolgay
2938,Ramadjita,Tabo
2939,Miguel Angel,Taboada
2940,Mark,Tadross
2941,S.,Taguchi
2942,Andrew,Tait
2943,Kiyoshi,Takahashi
2944,Hidekazu,Takakura
2945,Toshihiko,Takemura
2946,Kazuhiko,Takeuchi
2947,Kuniyoshi,Takeuchi
2948,Lynne D.,Talley
2949,Mark,Tamisiea
2950,Kanako,Tanaka
2953,Fredolin,Tangang
2954,T.,Taniguchi
2955,D.,Tanro
2956,Pieter,Tans
2958,Juan,Tarazona
2959,C.,Tarnocai
2962,A.E.,Taylor
2963,Melissa,Taylor
2964,Anna,Taylor
2965,Karl E.,Taylor
2966,P.,Taylor
2967,T.,Taylor
2968,Claudia,Tebaldi
2969,I.,Tegen
2970,T.J.,Teisberg
2972,Haiyan,Teng
2973,Warren,Tennant
2974,Laurent,Terray
2976,Lucien,Tessier
2977,Simon,Tett
2979,Christiane,Textor
2980,V.,Thapliyal
2981,Renoj,Thayyen
2982,J.,Theys
2983,M.,Thinon
2984,D.,Thomas
2985,G.,Thomas
2986,Robert H.,Thomas
2987,A.M.,Thompson
2988,Lonnie,Thompson
2989,W.J.,Thompson
2990,Madeleine,Thomson
2991,Chris,Thorncroft
2992,Peter,Thorne
2993,Peter,Thornton
2994,S.,Thorpe
2995,R.,Thresher
2996,Wilfred,Thuiller
2997,James,Thurlow
2998,H.Q.,Tian
2999,Yuhong,Tian
3000,S.,Tibaidi
3001,Lourdes,Tibig
3002,X.,Tie
3003,H.,Tiessen
3004,J.,Tilley
3005,Axel,Timmermann
3006,Christina,Tirado
3007,Dennis A.,Tirpak
3009,Alexander,Todorov
3010,T.,Tokioka
3011,Richard S.J.,Tol
3013,M.T.,Tolmasquim
3015,Emma,Tompkins
3016,Julio,Torres-Martínez
3017,Ferenc L.,Toth
3018,R.,Toumi
3019,Aissa,Toure Sarr
3020,Sirintornthep,Towprayoon
3021,Maria Isabel,Travasso
3022,Kevin E.,Trenberth
3023,H.,Trevino
3024,M.,Trexler
3025,Eveline,Trines
3026,Jean-Paul,Troadec
3028,Ulric,Trotz
3030,Piotr,Tryjanowski
3031,C.,Tsay
3032,Petra,Tschakert
3033,George,Tselioudis
3034,Michael,Tsimplis
3035,H.,Tsuchiya
3037,Itsuya,Tsuzaka
3038,Alla,Tsyban
3039,Francesco,Tubiello
3040,A.,Tudini
3041,H.,Tuomenvirta
3042,W.C.,Turkenburg
3043,J.,Turkson
3044,Carol,Turley
3045,R.K.,Turner
3046,Clive R.,Turner
3047,Z.,Uchijima
3048,Yohji,Uchiyama
3049,U.,Ulbrich
3051,S.,Under
3052,A.,Underdal
3053,Alakkat S.,Unnikrishnan
3054,Sakari,Uppala
3056,Diana,Ürge-Vorsatz
3057,Penny,Urquhart
3059,C.,Valentin
3060,Riccardo,Valentini
3061,G.,Vali
3062,V. Ramon,Vallejo
3063,L.,Vallianos
3064,Maarten,van Aalst
3065,S.C.,Van de Geijn
3066,Nick,van de Giesen
3067,Roderik,Van de Wal
3068,A.,Van der Veen
3069,R.,Van Dingenen
3070,Robert,Van Dorland
3072,G. Cornelis,van Kooten
3073,Jelle,Van Minnen
3074,Twan,van Noije
3075,M.,Van Noordwijk
3076,T.,van Ommen
3077,Henk,Van Schaik
3078,K.,Van Scoy
3080,Detlef P.,Van Vuuren
3081,M.,Van Weele
3082,Jean-Pascal,van Ypersele
3083,Jef,Vandenberghe
3084,Geert Jan,van Oldenborgh
3085,G.,Varallyay
3086,Walter,Vargas
3087,David,Vaughan
3088,Robert,Vautard
3089,Gabriel,Vecchi
3091,Andrei A.,Velichko
3092,Pier,Vellinga
3095,Aviel,Verbruggen
3096,Walter,Vergara
3099,Timo,Vesala
3100,Marta,Vicarelli
3101,David G.,Victor
3102,Sebastian,Vicuna
3103,Ernesto F.,Viglizzo
3105,Hjalmar,Vilhjálmsson
3106,Ricardo,Villalba
3107,Alicia,Villamizar
3108,Arturo,Villavicencio
3109,Marcelo,Villena
3110,Katherine,Vincent
3112,David,Viner
3113,K.Ya.,Vinnikov
3114,T.,Vinson
3115,M.,Visbeck
3116,Pedro,Viterbo
3117,P.,Vitousek
3118,S.,Vogel
3119,Coleen,Vogel
3120,A.,Vogelmann
3122,T.,Volk
3123,Evgeny M.,Volodin
3124,U.,von Grafenstein
3125,R.,von Kuhlmann
3126,Hans,von Storch
3127,Russell,Vose
3128,R.,Voss
3129,M.,Vuille
3130,Seppo,Vuori
3131,Mukiri,Wa Githendu
3132,Peter,Wadhams
3133,Claire,Waelbroeck
3135,Y.,Wake
3136,Brian H.,Walker
3137,D.W.R.,Wallace
3138,J.M.,Wallace
3141,John E.,Walsh
3142,K.,Walsh
3143,A.C.,Walter
3144,D.,Waltner-Toews
3145,Njeri,Wamukonya
3146,Y. Dhammika,Wanasinghe
3147,Johanna,Wandel
3148,K.,Wang
3150,Bin,Wang
3151,Fan,Wang
3152,Huijun,Wang
3153,M.,Wang
3154,Minghuai,Wang
3155,Ray,Wang
3156,S.-W.,Wang
3157,W-C,Wang
3158,Y.,Wang
3159,R.,Wanick
3160,Heinz,Wanner
3161,Rik,Wanninkhof
3162,N.,Ward
3163,G.,Ward
3164,R.,Waring
3165,Koko,Warner
3166,Stephen,Warren
3167,Rachel,Warren
3169,D.,Warrick
3170,Richard A.,Warrick
3173,Richard,Washington
3174,W.M.,Washington
3175,Andrew,Watkinson
3176,Paul,Watkiss
3177,A.,Watson
3178,Robert T.,Watson
3179,Martin,Wattenbach
3180,Ian G.,Watterson
3181,B.,Weare
3182,Andrew J.,Weaver
3183,T.,Webb
3184,D.J.,Webb
3185,Arthur,Webb
3186,Mark,Webb
3187,M.,Weber
3189,J.,Wegner
3190,Michael,Wehner
3191,A.,Weidick
3192,R.,Wein
3193,M.F.,Weirig
3194,D.,Weisenstein
3195,Antje,Weisheimer
3196,Ray,Weiss
3197,D.,Welch
3198,P.,Werner
3199,C.,Wessman
3202,J.,Westbrook
3203,W.,Westman
3204,R.T.,Wetherald
3205,John P.,Weyant
3206,S.,Weyers
3207,A.,Wharner
3208,Elaine,Wheaton
3209,Matthew,Wheeler
3210,Penny,Whetton
3211,W.R.,White
3213,Kasey S.,White
3214,W.,White
3215,M.,Whitfield
3216,C.,Whitiock
3217,Tim,Whorf
3218,P.,Wibulswas
3219,Martin,Widmann
3220,E.C.,Wiebe
3221,Ellen,Wiegandt
3222,Bruce,Wielicki
3223,Tom M.L.,Wigley
3224,S.E.,Wijffels
3225,Thomas J.,Wilbanks
3226,Robert,Wilby
3227,P.,Wilcoxen
3228,Martin,Wild
3229,Oliver,Wild
3230,Gregory,Wiles
3231,D.,Wilks
3232,Jurgen,Willebrand
3234,R.H.,Williams
3235,Ted,Williams
3236,G. Daniel,Williams
3237,J.,Williams
3238,D.,Williamson
3239,M.,Williamson
3240,Josh,Willis
3244,D.J.,Wingham
3246,Harald,Winkler
3247,P.,Winkler
3249,Jan-Gunnar,Winther
3250,M.,Winton
3251,J.J.,Wise
3252,Ron,Wit
3253,Steven C.,Wofsy
3254,B.,Wold
3255,Johanna,Wolf
3256,Tanja,Wolf
3257,A.P.S.,Wong
3258,Poh Poh,Wong
3260,Takmeng,Wong
3261,M-K.,Woo
3262,Richard A.,Wood
3263,Colin,Woodroffe
3264,Rosalie,Woodruff
3265,S.,Woodruff
3266,J.D.,Woods
3267,I.,Woodward
3268,Alistair,Woodward
3269,F.I.,Woodward
3270,Philip,Woodworth
3271,Anthony,Worby
3272,Ernst,Worrell
3274,David,Wratt
3276,L.J.,Wright
3277,Fred,Wrona
3278,Qigang,Wu
3279,Shaohong,Wu
3280,Donald J.,Wuebbles
3281,David,Wuertz
3283,Andrew B.,Wyatt
3284,Bruce L.,Wyman
3285,Cunde,Xiao
3286,Youyu,Xie
3287,Liyong,Xie
3288,P.,Xie
3289,Shang-Ping,Xie
3290,Shao-Xiong,Xie
3291,He,Xu
3292,Huaging,Xu
3293,Huaqing,Xu
3294,Li,Xu
3295,Y.,Xue
3297,Tomomi,Yamada
3298,T.,Yamagata
3299,Mitsutsune,Yamaguchi
3300,Kenji,Yamaji
3301,T.,Yamanouchi
3302,Francis D.,Yamba
3303,W.,Yambi
3304,Farhana,Yamin
3306,Denghua,Yan
3307,Pius,Yanda
3308,Z.,Yang
3309,Hongwei,Yang
3311,R.,Yantosca
3312,K.S.,Yap
3313,Igor,Yashayaev
3314,Ichiro,Yasuda
3315,Kazuya,Yasuhara
3316,T.,Yasunan
3317,Tetsuzo,Yasunari
3318,J.R.,Ybema
3319,D.,Ye
3320,R.,Ye
3324,Gary,Yohe
3325,K.,Yokobori
3326,A.,Yool
3327,Jun,Yoshimura
3329,Hiroshi,Yoshino
3330,Masatoshi,Yoshino
3331,Patrick,Young
3332,Rucong,Yu
3333,Seiji,Yukimoto
3334,James,Zachos
3335,R.,Zahn
3336,Sumaya,Zakieldeen
3338,Ricardo,Zapata-Marti
3339,Peter,Zavialov
3340,C.,Zegras
3341,Q.-C.,Zeng
3342,Z.,Zeng
3344,Panmao,Zhai
3345,M.,Zhang
3346,R.,Zhang
3347,Y.,Zhang
3348,De'er,Zhang
3349,Hua,Zhang
3350,Jia-cheng,Zhang
3351,Jianyun,Zhang
3352,Qiaomin,Zhang
3353,Tianzhu,Zhang
3354,Tingjun,Zhang
3355,Xiaoquan,Zhang
3356,Xiaoye,Zhang
3357,Xiliang,Zhang
3358,Xinshi,Zhang
3359,Xuebin,Zhang
3361,ZhongXiang,Zhang
3362,Q.,Zhao
3363,Lin,Zhao
3364,Zong-Ci,Zhao
3365,X.,Zhou
3366,Fengqi,Zhou
3367,Zhou,Dadi
3369,Guangsheng,Zhou
3370,Liming,Zhou
3371,Peter P.,Zhou
3373,Tianjun,Zhou
3375,Gina,Ziervogel
3376,John,Zillman
3377,M.C.,Zinyowera
3378,Eduardo,Zorita
3379,Ji,Zou
3380,Q.,Zu Jiangsu
3382,Monika,Zurek
3383,S.,Zuta
3384,H.J.,Zwally
3385,Francis W.,Zwiers
3386,J.,Gaitatt
3387,Nigel W.,Amell
3388,P.M.,Holligan
3389,K.G.,Maler
3390,R.,Saha
3391,R.,Squitieri
3392,A.U.,Ahmed
3393,R.,Alexander
3394,A.,Amani
3395,Lee,Ann
3396,F.,Argenal
3397,Arthington,Arthington
3398,C.,Artigas
3399,P.,Ayton
3400,M.,Badarch
3401,G.,Balint
3402,A.,Bationo
3403,P.,Beets
3404,B.,Biggs
3405,M.,Bindi
3406,T.,Bruckner
3407,R.,Butterfield
3408,M.,Cabido
3409,R.,Chafil
3410,Xiongwen,Chen
3412,H.,Clark
3413,I.,Cole
3414,B.,Collyer
3418,K.,Day
3419,A.,De La Vega-Leinert
3420,T.,Dockerty
3421,P.,Doll
3422,C.,Egorov
3423,Knut,Einar
3425,Jingyun,Fang
3426,D.,Focks
3427,W.,Fraser
3428,G.,Frerks
3429,Qiong,Gao
3430,F.,Ghassemi
3431,M.,Gottfried
3432,G.,Grabherr
3433,J.,Grieve
3434,D.,Griffin
3435,S.,Gromov
3436,L.,Hahn
3437,Robinson,Hans
3438,E.,Harvey
3439,K.M.,Hinkel
3440,G.,Horgan
3442,M.,Hutchins
3443,P.,Huyck
3444,P.,Imeson
3445,J.,Ingram
3446,P.D.,Jamieson
3447,T.,Jarupongsakul
3448,J.,Jenik
3449,Richels,John
3450,A.J.,Jordan
3452,U.,Kaly
3453,A.,Kedziora
3454,U.,Kelkar
3455,S.R.,Khan
3456,R.,Khanna-Chopra
3457,R.,Khosa
3458,M.P.,Kirpes
3459,K.,Kobak
3460,Anja,Kollmuss
3461,A.,Koukhta
3464,S.,Lake
3465,S.,Lavorel
3466,R.,Leigh
3467,A.,Lelakin
3468,M.,Livermore
3469,V.,Lyne
3470,Ton,Manders
3471,J.P.,Martinez Rica
3472,Shakespeare,Maya
3473,M.,Mcglone
3474,A.,Mckenzie
3475,G.,Mckeon
3476,J.,Mckoy
3477,H.,Mcleod
3478,P.,Megonigal
3479,S.,Meyn
3480,Klaus,Michael
3481,S.,Mizina
3482,B.,Morales-Arnao
3483,G.,Morgan
3484,J.,Morgan
3485,B.,Mullan
3486,N.,Myers
3487,Toshio,Nakada
3488,M.,Nakagawa
3489,M.,Nakayama
3490,Morita,Nebojsa
3491,I.,Nemesova
3492,P.,Newton
3493,T.,Ngara
3494,Jian,Ni
3495,A.,Nishat
3496,W.,North
3497,A.,Novoplansky
3498,J.E.,Olesen
3499,A.,Olsthoom
3500,B.,Orlando
3501,O.,Oropeza
3502,J.D.,Pabon
3503,H.,Pauli
3504,J.,Paz
3505,O.,Paz
3506,F.,Picado
3507,M.,Posch
3508,Price,Richard
3509,Jose,Roberto
3510,Ye,Ruqiu
3511,L.,Ryszkowski
3512,D.,Saltz
3513,I.,Sanchez-Arevalo
3514,John,Schellnhuber
3515,D.,Scott
3516,K.P.,Sharma
3518,S.,Shida
3519,M.L.,Shrestha
3520,A.Z.,Shvidenko
3521,B.,Sinclair
3522,B.,Singh
3523,M.,Skinner
3524,D.,Smith
3525,Sharmila B.,Srikanth
3526,R.,Sturrock
3527,B.,Sutherst
3528,G.,Takle
3529,S.,Tapsell
3530,T.S.,Teh
3531,J.-P.,Theurillat
3532,Moreira,Tsuneyuki
3533,L.,Unganai
3534,R.S.W.,Van de Wal
3535,L.,Villar
3536,L.,Villers
3537,G.,Wall
3538,B.,Watson
3539,P.,Weech
3540,D.,White
3541,T.,Williamson
3542,K.,Wilson
3543,Xiaoping,Xin
3544,T.,Yonow
3545,A.,Zangvil
3546,N.,Zeng
3547,K.,Zickfeld
3548,Leisa,Perch
3549,Susan,Cutter
3550,Ama,Essel
3551,M.,Ayers
3552,G.,Demarée
3553,B.,Foxworthy
3554,K.,Hanaki
3555,J.,Kelman
3556,R.,Lawford
3557,B.,Stewart
3558,T.,Yamada
3559,C.,Rouviere
3560,Y.,Shinyak
3561,J.,Topping
3562,P.,Cheng
3563,J.,Connell
3564,P.,Roy
3565,S.,Safiullah
3566,H.L.,Tebicke
3567,P.,Donat-Hader
3568,K.,Gertis
3569,E.G.,Jung
3570,F.,Steimle
3571,E.,Tekulve
3572,G.,Waschke
3573,S.,Nishinomiya
3574,N.,Washida
3575,D.S.,Wratt
3576,W.H.,Weihe
3577,L.D.,Grant
3578,J.C.,van der Leun
3579,D.,Guinnup
3580,J.D.,Longstreth
3581,A.,Teramura
3582,M.P.,Walsh
3583,I.,Nazarov
3584,N.F.,Vladimirova
3585,A.F.,Yakovlev
3586,P.J.,Waight
3587,T.,Agnew
3588,M.,Berry
3589,S.,Chernyak
3590,P.,Kaplin
3591,NULL,Korsak
3592,A.,Lapenis
3593,E.,LaRoe
3594,A.,Lukin
3595,J.,Meehan
3596,I.,Pershina
3597,M.,Rees
3598,S.,Rodionov
3599,V.,Shigaev
3600,J.,Smith
3601,W.,Sprigg
3602,R.,Stewart
3603,S.,Zeeman
3604,D.,Riseborough
3605,Cheng,Guodong
3606,V.J.,Lunardini
3607,M.,Gavrilova
3608,E.A.,Köster
3609,M.F.,Meier
3610,M.,Smith
3611,H.,Baker
3612,N.A.,Grave
3613,C.M.,Clapperton
3614,M.,Brugman
3615,S.M.,Hodge
3616,A.S.,Judge
3617,P.G.,Quilty
3618,R.,Hansson
3619,J.A.,Heginbottom
3620,H.,Keys
3621,D.M.,Barnett
3622,I.M.,Whillans
3623,R.,Haugen
3624,F.,Sayles
3625,Amr,Abdel-Aziz
3629,Adolph,Acquaye
3631,Helal,Ahammad
3632,Jiahua,Ahenkorah Pan
3633,Hashem,Akbari
3634,Keigo,Akimoto
3638,Julian,Allwood
3646,Leonardo,Barreto
3647,John,Barrett
3649,Dipal Chandra,Barua
3650,Igor,Bashmakov
3653,Anthony,Bigio
3654,Gabriel,Blanco
3655,Hilda,Blanco
3656,Geoffrey,Blanford
3659,Valentina,Bosetti
3664,Thomas,Brewer
3668,Thomas,Bruckner
3670,Mercedes,Bustamante
3671,Luisa F.,Cabeza
3678,Robert,Cervero
3681,Wenying,Chen
3684,Donald,Chimanikire
3685,Lloyd,Chingambo
3687,Helena,Chum
3689,Harry,Clark
3692,Roland,Clift
3697,Mariana,Conte Grand
3698,Roger,Cooke
3700,Thomas,Cottier
3701,Felix,Creutzig
3702,Xochitl,Cruz-Núñez
3704,Marcio,D'Agosto
3706,Heleen,de Coninck
3707,Angel,De la Vega
3708,Elizabeth,Deakin
3710,Gian Carlo,Delgado
3711,Volodymyr,Demkine
3713,David,Dewar
3714,Shobhakar,Dhakal
3716,Delia,Dimitriu
3719,Hongmin,Dong
3721,Navroz,Dubash
3723,Varun,Dutt
3725,Erik,Echeverri Haites
3730,Joseph Kow,Essandoh- Yeddu
3731,Nicholas,Eyre
3737,Solomone,Fifita
3738,Maria Josefina,Figueroa
3739,Michael,Finus
3741,Manfred,Fischedick
3742,Karen,Fisher-Vanden
3747,Paul,Frankel
3752,Lew,Fulton
3753,Bundit,Fungtammasan
3756,Ashok,Gadgil
3758,Alba Eritrea,Gámez Vázquez
3762,Raúl Jorge,Garrido Vázquez
3764,Yong,Geng
3765,Reyer,Gerlagh
3768,Marcos,Gomes
3769,Luis,Gómez
3771,Lawrence,Goulder
3773,Dabo,Guan
3780,Edgar E.,Gutierrez- Espeleta
3783,Helmut,Haberl
3789,Richard,Harper
3791,L.D. Danny,Harvey
3795,Hermann,Held
3797,Edgar,Hertwich
3799,Damon,Honnery
3803,Luxin,Huang
3804,Yongfu,Huang
3808,David,Infield
3810,Adam,Jaffe
3813,Martin,Jänicke
3817,Leiwen,Jiang
3818,Yi,Jiang
3829,Arun,Kansal
3832,Mohammed Said,Karrouk
3837,Smail,Khennas
3839,Suduk,Kim
3840,Yong Gun,Kim
3844,Stephan,Klasen
3850,Raymond,Kopp
3853,Volker,Krey
3854,Elmar,Kriegler
3855,Thelma,Krug
3856,Howard,Kunreuther
3860,Xavier,Labandeira
3863,Alessandro,Lanza
3865,Myung-Kyoon,Lee
3866,Benoit,LeFevre
3869,Joanna,Lewis
3872,Joanne,Linnerooth- Bayer
3873,Enoch,Liphoto
3875,Andreas,Löschel
3876,Oswaldo,Lucon
3878,Shuaib,Lwasa
3879,Haroldo de Oliveira,Machado-Filho
3881,Shunsuke,Managi
3885,Emanuele,Massetti
3886,Ritu,Mathur
3888,Cheikh,Mbow
3889,Alan,McKinnon
3890,James,McMahon
3893,Mohammed,Messouli
3897,Catherine,Mitchell
3900,Juan-Pablo,Montero
3901,Jennifer,Morgan
3903,Daniel,Mueller
3904,Yacob,Mulugetta
3906,Jin,Murakami
3907,Shuzo,Murakami
3913,Harini,Nagendra
3916,Valentin,Nenov
3918,Peter,Newman
3921,Emmanuel,Nzunda
3922,Alfred,Ofosu
3927,Minggao,Ouyang
3930,Sergey,Paltsev
3931,Tamás,Pálvölgyi
3932,Matthew,Paterson
3933,Himanshu,Pathak
3938,Daniel,Perczyk
3939,Ignacio,Perez-Arriaga
3946,Christopher,Pyke
3949,Kilaparti,Ramakrishna
3950,Anuradha,Ramaswami
3954,Michael,Rauscher
3959,Jake,Rice
3962,Carmenza,Robledo Abad
3967,Anna,Romanovskaya
3974,Estela,Santalla
3979,James Jay,Schauer
3982,Ronaldo,Seroa da Motta
3983,Karen,Seto
3985,Claudia,Sheinbaum
3988,Ekundayo,Shittu
3993,Eswaran,Somanathan
3995,Frank,Sperling
3999,David,Stern
4000,Thomas,Sterner
4002,Neil,Strachan
4005,Sangwon,Suh
4006,Nadir Mohamed Awad,Suliman
4012,Massimo,Tavoni
4014,Fei,Teng
4019,Geetam,Tiwari
4021,Noim,Uddin
4022,Kevin Chika,Urama
4024,Bob,van der Zwaan
4028,Anthony,Venables
4031,Maria Virginia,Vilariño
4037,Elke,Weber
4039,Gang,Wen
4040,Jonathan,Wiener
4044,Ryan,Wiser
4051,Azni,Zain Ahmed
4061,Tomasz,Zylicz
4062,Borgar,Aamaas
4064,Lubi,Abraham
4065,Helen,Adams
4066,Ibidun,Adelekan
4068,Ashish,Aggarwal
4069,Anders,Ahlstrom
4070,Elena M.,Aizen
4071,Vladimir B.,Aizen
4072,Magne,Aldrin
4074,Erik,Alfaro
4075,Jurgen,Alheit
4077,Robert,Allan
4078,Simon,Allan
4079,Craig,Allen
4081,Tercio,Ambrizzi
4082,Alessandro,Anav
4083,Kevin,Anchukaitis
4084,Bill,Anderegg
4085,Bruce,Anderson
4086,Oliver David,Andrews
4087,Timothy,Andrews
4088,Fabien,Anthelme
4089,Michio,Aoyama
4090,Osamu,Arakawa
4092,Anthony,Arendt
4094,Javier,Aristegui
4095,Claire,Armstrong
4098,Jessica,Ayers
4099,Kenshi,Baba
4100,Johanna,Baehr
4101,David,Bahr
4103,Michael,Balinga
4104,Molly,Baringer
4105,Matthew,Barlow
4106,David,Barriopedro
4107,Vicente,Barros
4108,Patrick J.,Bartlein
4109,Jonathan,Barton
4111,Jane,Battersby
4112,Gregory,Beaugrand
4114,Nina,Becker
4115,Rawshan Ara,Begum
4116,Vsevolod,Belkovich
4117,Johann,Bell
4118,Celine,Bellard
4119,Nicolas,Bellouin
4120,Angela,Benedetti
4124,Helen,Berry
4125,Arnaud,Bertrand
4126,Urs,Beyerle
4127,Michela,Biasutti
4128,Sébastien,Biner
4129,Paula,Blackett
4130,Donald R.,Blake
4131,Alejandro,Bodas-Salcedo
4133,Ben,Booth
4134,Alberto Vieira,Borges
4135,Francesco,Bosello
4136,Wouter,Botzen
4138,Sarah,Boulter
4141,Lex,Bouwman
4142,Chris,Bowler
4143,Timothy,Boyer
4145,Paulo,Brando
4146,Achim,Brauer
4147,Hannah,Brenkert-Smith
4149,Harold,Brooks
4151,Christopher J.,Brown
4152,Josephine,Brown
4153,Ross,Brown
4154,Oliver,Browne
4155,Lori M.,Bruhwiler
4156,Claire,Brutel-Vuilmet
4157,Halvard,Buhaug
4159,Michael,Burrows
4160,Colin,Butler
4161,Karl W.,Butzer
4162,Robert,Byrne
4165,Kenneth,Caldeira
4166,Philip,Cameron-Smith
4167,Andrew,Campbell
4168,Mark,Cane
4169,Long,Cao
4170,Mark,Carey
4171,Jessie,Carr
4172,Mark,Carson
4173,Leila V.,Carvalho
4174,Jennifer,Catto
4176,Robin,Chadwick
4177,Mohammed,Chahed
4179,Ping,Chang
4180,Jerome,Chappellaz
4181,Monalisa,Chatterjee
4182,Anthony,Cheng
4183,So-Min,Cheong
4184,Frederic,Chevallier
4186,Chineke Theo,Chidiezie
4187,Yoshimitsu,Chikamoto
4188,Paul,Chinowsky
4189,Maria Vincenza,Chiriaco
4190,Jung,Choi
4191,Nikolaos,Christidis
4194,Cory,Cleveland
4195,Olivia,Clifton
4197,Daniel,Collins
4198,Josefino,Comiso
4200,Peter,Convey
4202,Kerry H.,Cook
4203,Sarah,Cooley
4204,Owen,Cooper
4205,Sarah,Cornell
4206,Susanna,Corti
4207,Dim,Coumou
4208,Franck,Courchamp
4209,Thomas,Crowley
4211,Tracy,Cull
4212,Stuart,Cunningham
4213,Philippe,Cury
4214,Lara,Cushing
4215,Jo,da Silva
4217,Stig B.,Dalsoren
4218,John,Daniel
4221,Jocelyn,Davies
4222,Michael,Davies
4223,Robert E.,Davis
4224,Sean M.,Davis
4225,Katharine,Davis Reich
4226,Patrick,de Deckker
4227,Belen Rodriguez,de Fonseca
4228,Rob,de Loe
4229,Viviane Vasconcellos,de Menezes
4230,Anne,de Vernal
4231,Keith,Dear
4232,Anthony,Del Genio
4233,Ana Pena,del Valle
4234,Pablo,Del-Monte
4235,Thierry,Delcroix
4236,Barbara,Delmonte
4237,Timothy,DelSole
4238,Carlos,Demiguel
4241,Andrew,Derocher
4243,Thea,Dickinson
4244,Pedro,DiNezio
4245,Houria,Djoudi
4249,Catia M.,Domingues
4250,Markus G.,Donat
4251,Scott C.,Doney
4252,Simon,Donner
4253,John,Dore
4254,Ellen,Douglas
4255,Stephen,Dovers
4257,Harry J.,Dowsett
4258,Carlos,Duarte
4259,Patrice,Dumas
4260,Paul,Durack
4261,C. Mark,Eakin
4262,Hallie,Eakin
4266,R. Lawrence,Edwards
4267,Arne,Eide
4268,Alexey,Eliseev
4271,Hirokazu,Endo
4272,David B.,Enfield
4273,Jan Willem,Erisman
4274,Eugenie S.,Euskirchen
4275,Amato,Evan
4279,Lucy,Faulkner
4282,Jose Gustavo,Feres
4283,Xavier,Fettweis
4285,Rana,Fine
4286,Kyla,Finlay
4287,Vitali,Fioletov
4288,Erich M.,Fischer
4289,Hubertus,Fischer
4290,Thomas,Fischer
4291,Mark,Flanner
4294,Michael,Flint
4295,Wendy,Foden
4296,Mick,Follows
4297,Bruce C.,Forbes
4300,Gavin,Foster
4304,Claus,Frohlich
4305,Thomas,Frolicher
4306,Ricardo,Fuentes
4308,Beth,Fulton
4310,Sumetee Pahwa,Gajjar
4312,Javier,Garcia-Serrano
4313,Alex,Gardner
4314,Rebecca,Garland
4315,Rene,Garreaud
4316,Karen,Garrett
4317,Lydia,Gates
4319,Fatou,Gaye
4320,Emiloa,Gbobaniyi
4321,Roland,Gehrels
4322,Sebastian,Gerland
4323,Dieter,Gerten
4324,Steven,Ghan
4325,Tran Van,Giai Phong
4326,Alessandra,Giannini
4327,Rianne,Giesen
4328,Paul,Ginoux
4329,Bruce,Glavovic
4331,Solveig,Glomsrod
4332,Daniel M.,Gnatz
4333,Scott,Goetz
4334,Kees Klein,Goldewijk
4335,Nicola,Golding
4337,Peter,Good
4338,Simon,Good
4339,Clare,Goodess
4341,Aline,Govin
4342,Claire,Granier
4343,Rune Grand,Graverson
4344,Lesley,Gray
4346,Stefan,Greiving
4347,Ralf,Greve
4348,Stephen,Griffies
4350,Stephan,Gruber
4351,Virginie,Guemas
4352,Don,Gunasekera
4356,Jeremy,Haggar
4358,Leopold,Haimberger
4362,Ben,Halpern
4363,John,Handmer
4364,Edward,Hanna
4365,Gerrit,Hansen
4366,Julia,Hargreaves
4367,Annamalai,Hariharasubramanian
4368,Garth,Harmsworth
4369,Paula,Harrison
4370,Sandy,Harrison
4372,Blane,Harvey
4373,Masahiro,Hashizume
4374,Ed,Hawkins
4375,Mary,Hayden
4376,Alan,Haywood
4378,Mark,Hemer
4379,Andreas,Hemp
4380,Paul J.,Hezel
4381,Thomas,Hickler
4383,Shu-Peng,Ho
4386,Jennifer,Hodbod
4387,Dominic,Hodgson
4388,Oivind,Hodnebrog
4390,Eileen,Hofmann
4391,Simon J.,Holgate
4392,David,Holland
4394,Christopher,Hollis
4395,Christopher,Holmes
4396,Corinna,Hoose
4397,Brett,Hopwood
4398,Ben,Horton
4400,Sander,Houweling
4402,Solomon,Hsiang
4403,Ping,Huang
4404,Markus,Huber
4405,Graeme,Hugo
4407,Alistair,Hunt
4408,John,Hunter
4409,Stephen,Hunter
4410,George,Hurtt
4411,Matthias,Huss
4412,George,Hutchinson
4414,David,Hydes
4415,Maria Eugenia,Ibarraran Viniegra
4416,Tatiana,Ilyina
4417,Johnna,Infanti
4418,John,Ingram
4421,Masahiko,Isobe
4422,Detelina,Ivanova
4423,Sue,Jackson
4425,Stanley,Jacobs
4426,Andrew D.,Jacobson
4427,Atul,Jain
4428,Catherine,Jampel
4430,Emily,Janssen
4431,Guy,Jobbins
4432,Jasmin,John
4434,Matt,Johnston
4435,David,Jones
4436,Olaf,Jonkeren
4438,Manoj,Joshi
4441,Shinjiro,Kanae
4442,Torsten,Kanzow
4443,Jed O.,Kaplan
4446,Ashok,Karumuri
4448,Frank,Kaspar
4449,Etsushi,Kato
4450,Caroline,Katsman
4451,Jack,Katzfey
4452,Alexander,Kazmin
4456,Elizabeth,Kent
4457,Stuart,Kent
4459,Carina,Keskitalo
4460,Robert,Key
4461,Samar,Khatiwala
4465,Stefanie,Kirschke
4468,Erik,Kjellstrom
4471,Joan,Kleypas
4472,Zbigniew,Klimont
4473,Silvia,Kloster
4474,Jeff,Knight
4475,Andrew,Knoll
4478,Mark,Koetse
4479,Makoto,Koike
4480,Leonard,Konikow
4481,Robert,Kopp
4482,Janina,Korper
4484,Andrey G.,Kostianoy
4486,Charles,Koven
4487,Werner,Krauss
4488,Ben,Kravitz
4490,Carolien,Kroeze
4491,Ashwini,Kulkarni
4492,Koteswara  Rao,Kundeti
4494,Yochanan,Kushnir
4496,Benjamin,Laken
4498,Amaelle,Landais
4499,Felix,Landerer
4500,Patricia Romero,Lankao
4503,K. M.,Lau
4504,Rachel M.,Law
4505,Josh,Lawler
4508,Matthew,Lebsock
4509,Kitack,Lee
4510,Robert W.,Lee
4511,Tong,Lee
4513,Jan,Lenaerts
4514,Geert,Lenderink
4515,Chris,Lennard
4516,Andrew,Lenton
4518,Lisa,Levin
4519,Camille,Li
4520,Hongmei,Li
4521,Rachel,Licker
4522,Spencer,Liddicoat
4523,Stefan,Ligtenberg
4525,Renping,Lin
4526,Markus,Lindner
4527,Graeme,Lindsay
4528,Erin,Lipp
4529,Leslie,Lipper
4530,Heike,Lischke
4531,Christopher,Little
4532,Gita L.,Ljubicic
4534,Bruno,Locatelli
4535,Mike,Lockwood
4536,Norman,Loeb
4539,Mark R.,Lomas
4540,Feliu,Lopez-i-Gelats
4541,Teresa,Losada
4542,Fraser,Lott
4543,Jian,Lu
4544,Xixi,Lu
4545,Christopher,Lucas
4547,Jo,Luck
4548,Eva,Ludi
4549,Daniel,Lunt
4550,Yiqi,Luo
4551,Georgina,Mace
4552,Katharine,Mach
4553,Neil,Mackellar
4555,Graciela,Magrin
4556,Shobha,Maharaj
4557,Irina,Mahlstein
4559,Takashi,Maki
4560,Valentina,Mara
4561,Sarshen,Marais
4563,Andrei,Marin
4565,Thorsten,Markus
4569,George,Marston
4570,Yiheyis,Maru
4571,Ben,Marzeion
4572,Andrew,Maskrey
4573,Rob,Massom
4574,Francois,Massonnet
4577,Andreas,Matzarakis
4578,Emilio,Mayorga
4580,Nancy,McCarthy
4581,Chuck,McClain
4582,Jan,McDonald
4583,Melanie,McField
4584,Melodie,McGeoch
4585,Justin,McGrath
4586,Shayne,McGregor
4589,Skip,McKinnell
4591,Tony,McMichael
4592,Carol,McSweeney
4595,Joe R.,Melton
4598,Melisa,Menendez
4599,Matthew,Menne
4601,Christopher,Merchant
4602,Sebastian H.,Mernild
4603,Marc,Metzger
4604,Nicolas,Metzl
4605,Jack,Middelburg
4607,Megan,Mills-Novoa
4609,Seung-Ki,Min
4610,Jan,Minx
4611,Daniel,Mitchell
4612,Jerry X.,Mitrovica
4613,Anders,Moberg
4614,Geir,Moholdt
4616,Thomas,Molg
4617,Coleen,Moloney
4618,Didier,Monselesan
4619,Luca,Montanarella
4620,Stephen,Montzka
4621,Simone,Morak
4622,Calvin,Mordy
4623,Colin,Morice
4625,Ruth,Mottram
4626,Rym,Msadek
4627,Manfred,Mudelsee
4629,Stefan,Mulitza
4630,Stefanie,Muller
4631,Guy,Munhoven
4632,Hiroyuki,Murakami
4633,Daniel,Murphy
4634,Eugene,Murphy
4636,Virginia,Murray
4637,Johanna,Mustelin
4638,Catherine Lund,Myhre
4640,Lars Otto,Naess
4641,Vaishali,Naik
4642,Sreeja,Nair
4643,Mary Jo,Nath
4644,Antonio,Navarra
4645,Nandan,Nawn
4646,Mzime R.,Ndebele-Murisa
4647,Aminata,Ndiaye
4650,Andrew,Newsham
4651,Catherine,Ngo
4652,J. P.,Nicholas
4653,Faezeh,Nick
4654,Steve,Nicol
4655,Claus J.,Nielsen
4656,Yosuke,Niwa
4657,Sirra,Njai
4660,Amrutasri,Nori-Sarma
4661,Barbara,Norman
4662,Catherine,Norman
4665,Fiona,O'Connor
4666,Mary,O'Connor
4667,Colin,O'Dowd
4668,Marie,O'Neill
4670,Jon,Olafsson
4671,Martin,Olesen
4676,Alejandro,Orsi
4678,Anders,Oskal
4679,Alexander,Otto
4680,Friederike,Otto
4681,Greg,Oulahen
4682,Pier Paul,Overduin
4684,Claudia,Pahl-Wostl
4685,Jeff,Painter
4686,Diana,Pape
4687,Geun-Ha,Park
4689,Prabir,Patra
4690,Christina M.,Patricola
4691,Pieter,Pauw
4694,Grant,Pearce
4695,Paul N.,Pearson
4696,Richard,Pearson
4698,Edmund,Penning-Rowsell
4699,Susan,Peoples
4700,Anna,Peregon
4701,Joy,Pereira
4702,Amanda,Pereira de Souza
4703,Carlos,Peres
4705,Ian,Perry
4706,Glen,Peters
4707,Wouter,Peters
4708,Jean-Yves,Peterschmitt
4709,Juliane,Peterson
4712,Gwenaelle,Philippon-Berthier
4717,Jan,Polcher
4718,David,Pollard
4720,Debbie,Polson
4721,Igor,Polyakov
4722,Julia,Pongratz
4723,Hans Otto,Portner
4724,Benjamin,Poulter
4725,SVRK,Prabhakar
4726,Emilia,Pramova
4728,Riccardo,Pravettoni
4729,Ben,Preston
4731,Martin,Price
4733,Sarah G.,Purkey
4734,Yun,Qian
4737,Ashlinn,Quinn
4738,Jara  Imbers,Quintana
4739,Valentina,Radic
4740,Jamie,Rae
4742,Clionadh,Raleigh
4744,William J.,Randel
4745,Florian,Rauser
4746,Suchanda,Ray
4747,Peter A.,Raymond
4748,Grace,Redmond
4749,Hannah,Reid
4750,Jeffrey,Reid
4752,Joseph,Reser
4753,Gilles,Reverdin
4756,Penny,Reyenga
4758,Aurélien,Ribes
4759,Anthony J.,Richardson
4760,Andreas,Richter
4761,Carolin,Richter
4762,Lauren,Rickards
4763,Andy,Ridgwell
4764,Piet,Rietveld
4765,Matthew,Rigby
4766,William,Riley
4767,Bruno,Ringeval
4770,J. Murray,Roberts
4773,Luis Ricardo Lage,Rodrigues
4774,Beatriz,Rodriguez-Labajos
4775,Mark,Rodwell
4776,Joeri,Rogelj
4777,Eelco,Rohling
4779,Anastasia,Romanou
4780,Carla,Roncoli
4781,Bjorn,Rost
4782,Raphael,Roth
4783,Lai-Leung,Ruby Leung
4787,Paolo Michele,Ruti
4788,Cristina,Sabbioni
4790,Oleg,Saenko
4791,Paulo,Saldiva
4792,Ulrich,Salzmann
4793,Jose Luis,Samaniego
4794,Bjorn,Samset
4795,Landy,Sanchez Pena
4796,Osman,Sankoh
4798,Yannis,Sarafidis
4799,Jorge,Sarmiento
4800,Beena Balan,Sarojini
4802,Marielle,Saunois
4803,Joel,Savarino
4804,Adam,Scaife
4805,Andreas,Schaffer
4806,Andreas,Scheba
4807,Wolfram,Schlenker
4808,Michael Henry,Schleyer
4809,Philipp,Schmidt-Thome
4810,Sunke,Schmidtko
4811,Raymond,Schmitt
4813,David,Schoeman
4814,Christian,Schoof
4815,Lena,Schulte-Uebbing
4818,Uwe,Schulzweida
4819,Andrew,Schurer
4820,Edward,Schuur
4821,Vanessa,Schweizer
4824,James,Screen
4825,Richard,Seager
4826,Jan,Sedlacek
4827,Hussen,Seid
4828,Dian,Seidel
4829,Sybil,Seitzinger
4830,Vladimir,Semenov
4833,Kristin,Seyboth
4834,Sheona,Shackleton
4835,Len C.,Shaffrey
4836,Jeremy,Shakun
4837,Martin,Sharp
4838,Rajib,Shaw
4840,Nicolay,Shiklomanov
4841,Koji,Shimada
4843,Hideo,Shiogama
4845,Seth,Shonkoff
4846,Sergio,Signorini
4847,Jana,Sillmann
4849,Stephen,Sitch
4850,Vegard,Skirbekk
4851,William,Skirving
4852,Aime,Slangen
4853,Jason,Smerdon
4854,Dmitry,Smirnov
4855,Daniel,Smith
4856,Steven,Smith
4857,Thomas M.,Smith
4858,Tim F.,Smith
4861,Fabiola S.,Sosa Rodrigquez
4863,Donatella,Spano
4864,Kenneth,Sperber
4865,Asuncion,St. Clair
4866,Mark,Stafford-Smith
4867,Sharon,Stammerjohn
4868,Martin,Stendel
4870,John Richard,Stepp
4872,Philip,Stier
4873,Marcel,Stive
4874,Uwe,Stober
4875,Benjamin,Stocker
4876,Trude,Storelvmo
4877,Lothar,Stramma
4878,Siri,Strandenes
4879,Buda,Su
4881,Andy,Sumner
4884,Neil,Swart
4885,William,Sydeman
4886,Taro,Takahashi
4887,Izuru,Takayabu
4888,Tetsuji,Tanaka
4889,Toste,Tanhua
4890,Albert Klein,Tank
4891,Pavel,Tarasov
4892,Marcela,Tarazona
4893,Adriaan J.,Teuling
4894,David,Thomas
4895,Rona,Thompson
4897,Philip,Thornton
4898,Kathleen,Tierney
4899,Jerry,Tjiputra
4900,Klement,Tockner
4901,Richard,Tol
4903,Phil,Trathan
4904,Mara,Travasso
4905,Murat,Turkes
4906,John,Turner
4907,Bradley H.,Udall
4908,Okoro,Ugochukwu
4909,Caroline,Ummenhofer
4910,Athanasios,Vafeidis
4912,Jan H.,van Angelen
4913,Willem Jan,van de Berg
4914,Michiel,van den Broeke
4915,Bart,van den Hurk
4916,Guido,van der Werf
4917,Ruben,van Hooidonk
4918,Detlef,van Vuuren
4920,Steve,Vavrus
4922,Isabella,Velicogna
4923,Jan E.,Vermaat
4924,Jean-Paul,Vernier
4925,Dike,Victor
4927,Bo M.,Vinther
4928,Miren,Vizcaino
4929,Jason,Vogel
4930,Karina,von Schuckmann
4931,Christoph,von Stechow
4933,Apostolos,Voulgarakis
4934,Yoshihide,Wada
4937,Kevin,Walsh
4939,Chunzai,Wang
4940,Junhong,Wang
4941,Muyin,Wang
4942,Xiaolan,Wang
4943,Xiaoming,Wang
4944,Rita,Wania
4946,Daniel S.,Ward
4947,Philip,Ward
4949,Fiona,Warren
4951,Reiner,Wassman
4953,James,Watson
4954,Leanne,Webb
4956,Robert,Webb
4957,Kate,Weinberger
4958,Barbara,Weinecke
4960,Ray F.,Weiss
4961,Neil,White
4962,Matthew,Widlansky
4963,Christian,Wiencke
4964,Susan,Wijffels
4967,Olga,Wilhelmi
4968,Kate,Willett
4969,Eric,Williams
4970,Keith,Williams
4971,Meriwether,Wilson
4972,Ricarda,Winkelmann
4973,David,Winker
4974,Marten,Winter
4975,Andrew,Wittenberg
4976,Astrid,Wittmann
4978,Dieter,Wolf-Gladrow
4980,Simon N.,Wood
4981,Richard,Woodward
4983,Tim,Woollings
4987,Matthew,Wyant
4989,Sidat,Yaffa
4990,Shelby,Yamamoto
4991,Sang-Wook,Yeh
4992,Jianjun,Yin
4994,Yusuke,Yokoyama
4995,Masakazu,Yoshimori
4996,Paul,Young
4998,Sonke,Zaehle
4999,Giuseppe,Zappa
5000,Ning,Zeng
5001,Chidong,Zhang
5002,Jianglong,Zhang
5003,Lixia,Zhang
5004,Rong,Zhang
5005,Rui,Zhang
5006,Xiangdong,Zhang
5008,Xiaotong,Zheng
5009,Kirsten,Zickfeld
5010,David,Zilberman
5011,Lewis,Ziska
5012,Liwei,Zou
5013,Dan,Zwartz
5014,Ole Bossing,Christensen
5015,Matthew,Church
5016,NULL,Prabhat
5017,Samantha,Stevenson
5018,A.,Al Gain
5019,M.,Seck
5020,Yuri,Izrael
5021,M.,Hashimoto
5022,W.J.McG.,Tegart
5023,I.,Shiklomanov
5024,E.,Stakhiv
5025,K,Mostefa-Kara
5026,M.,Styrikovich
5027,S.,Nishioka
5028,A.,Tsyban
5029,J.,Everett
5030,J.,Titus
5031,R.B.,Street
5032,P.I.,Melnikov
5033,F.,Bernthal
5034,E.,Dowdeswell
5035,A.B.,Diop
5036,Michel,Petit
5037,Subodh,Sharma
5038,Hiroshi,Tsukamoto
5039,Theodore,Hanisch
5040,Vincente Ricardo,Barros
5042,B. ,Callander
5043,A.,Slingo
